ReachCode,COUNT,Mean_Imperviousness 
02040101001236,2612,0.939127
02040101001238,2402,1.174438
02040101001240,967,0
02040101001241,3641,0.030486
02040101001243,581,0
02040101001248,784,0.093112
02040101001250,1020,0.006863
02040101001255,5491,0.100346
02040101001256,1388,0
02040101001257,3104,0.080541
02040101001258,124,0
02040101001261,5958,0.018295
02040101001267,777,0.148005
02040101001270,2889,0.08792
02040101001271,9489,0.043419
02040101001272,12512,0.32313
02040101001275,1898,0.008957
02040101001282,1122,0.131907
02040101001283,3476,0.007192
02040101001286,1301536,0.288666
02040101001291,839,0
02040101001292,2776,0.008646
02040101001293,919,0.23395
02040101001294,474,0.059072
02040101001295,3114,0.057482
02040101001296,200,5.185
02040101001297,8570,0.063477
02040101001298,2467,0.048642
02040101001299,1135,0.05815
02040101001301,1800,0.014444
02040101001302,1369,0.352082
02040101001304,2879,0.154915
02040101001306,1652,0.061138
02040101001307,356,0.176966
02040101001308,4234,0.104393
02040101001309,470,0
02040101001320,3394,0.007366
02040101001321,1717,0.111823
02040101001326,4882,0.027653
02040101001330,1970,0.017259
02040101001332,1033,0.022265
02040101001334,1301,0.352806
02040101001335,1028,0
02040101001336,3167,0.999053
02040101001341,1010,0
02040101001342,1159,0.02157
02040101001343,1260,0.064286
02040101001348,994,0.006036
02040101001349,880,0.043182
02040101001351,1031,0.061106
02040101001354,2273,0.059393
02040101001357,1509,0.060305
02040101001362,1756,0.019932
02040101001365,1677,0.037567
02040101001373,1049,0
02040101001381,461,0.10846
02040101001410,30537,0.155091
02040101001430,1733,0.041546
02040101001449,14774,0.101191
02040101001450,34165,0.199766
02040101001455,26647,0.126206
02040101001459,808,0.170792
02040101001465,686,0.712828
02040101001468,2335,0.544325
02040101001472,1468,0.014986
02040101001480,3696,0.284632
02040101001481,1619,0.369364
02040101001486,903,0.518272
02040101001494,1639,0.061623
02040101001498,2084,4.266795
02040101001501,456,2.208333
02040101001502,873,0.200458
02040101001506,10806,0.152693
02040101001513,2824,0.004958
02040101001530,215,1.683721
02040101001533,35285,0.053082
02040101001536,895,0.282682
02040101001537,1233,0.65369
02040101001543,1609,0
02040101001545,1358,0.205449
02040101001552,4518,0.069942
02040101001556,622,0.093248
02040101001557,6867,0.053153
02040101001563,1135,0.029956
02040101001583,1576,0.068528
02040101001584,1361,0.021308
02040101001589,7255,0.191868
02040101001590,1542,0
02040101003503,965,0.129534
02040101003531,1022,0
02040101003713,2992,0.027406
02040101003786,2225,0.010787
02040101003947,429,0.065268
02040101004529,605,0
02040101005695,1,0
02040101005711,650,0
02040101005722,1129,0.277236
02040101005724,979,0.188968
02040101005766,6811,0.35472
02040101005782,819,0
02040101005798,409,0.0489
02040101005800,606,0
02040101005804,18838,0.070177
02040101005807,568,0.042254
02040101007491,92226,0.252966
02040101013914,3132,0.07567
02040101014008,1234,0.004862
02040101014223,475,0
02040101014331,1353,0.028825
02040101014469,1079,0
02040101014617,1927,0.429165
02040101014619,424,0.007075
02040101014620,1886,0
02040101014624,1502,0.001997
02040101014629,1309,0.107716
02040101014633,609,0.178982
02040101014636,1536,0.059896
02040101014643,2061,0.044639
02040101014650,585,0.005128
02040101014655,999,0.002002
02040101014658,2260,0.029204
02040101014667,1926,0.046729
02040101014695,5020,0.057968
02040102000439,1286,0.051322
02040102000440,3448,0.059165
02040102000441,1642,0.00609
02040102000442,603,0.008292
02040102000443,2773,0.000361
02040102000444,888,0.066441
02040102000445,1561,0
02040102000447,578,0
02040102000448,1734,0.029412
02040102000451,1507,0.003318
02040102000452,2566,0.005456
02040102000453,8697,0
02040102000454,1531,0
02040102000455,4158,0
02040102000456,330,0
02040102000457,7473,0.003212
02040102000458,1546,0
02040102000459,707,0
02040102000460,2910,0
02040102000461,1067640,0.155529
02040102000464,1087,0
02040102000465,1205,0
02040102000466,1831,0.070999
02040102000467,1221,0
02040102000468,1314,0
02040102000469,691,0
02040102000471,2084,0.014395
02040102000472,1142,0
02040102000473,3204,0.009363
02040102000475,3385,0
02040102000477,11004,0.000909
02040102000481,612,0
02040102000482,2329,0
02040102000485,761,0
02040102000486,2468,0.006483
02040102000487,3592,0.049833
02040102000488,8593,0.004771
02040102000489,659,0.050076
02040102000490,4640,0.065733
02040102000492,1185,0
02040102000493,738,0
02040102000496,2155,0.126682
02040102000497,932,0.064378
02040102000498,1789,0.001677
02040102000499,1580,0.061392
02040102000500,535,1.379439
02040102000501,1526,0.024902
02040102000502,732,0.09153
02040102000504,1145,0.01048
02040102000505,854,0
02040102000507,1134,0.044974
02040102000509,1894,0
02040102000510,1225,0.042449
02040102000511,1510,0.10596
02040102000513,3005,0.022962
02040102000514,437,0
02040102000516,1798,0.03059
02040102000517,993,0.005035
02040102000518,911,0.073546
02040102000519,1301,0
02040102000521,2545,0.238507
02040102000522,162,0
02040102000523,12558,0.204173
02040102000526,4652,0.012468
02040102000527,576,0.118056
02040102000529,7357,0.281501
02040102000532,812,0.003695
02040102000533,1933,0.096741
02040102000534,2618,0
02040102000536,6611,0.011647
02040102000537,5035,0.052036
02040102000545,1038,0
02040102000546,687,1.285298
02040102002831,774,0
02040102002832,1419,0
02040102002941,1531,0.094709
02040102002970,692,0.937861
02040102003003,125445,0.200335
02040102003604,84,5.571429
02040104002063,1625,0.000615
02040104002064,861,0.022067
02040104002068,3252,0.24508
02040104002074,813,0.068881
02040104002077,3273,0.243202
02040104002079,7819,0.447116
02040104002080,705,5.008511
02040104002081,1331,2.86852
02040104002082,425,0.512941
02040104002084,3188,0.041405
02040104002088,3290,2.566261
02040104002090,4594,1.855899
02040104002091,8200,3.110366
02040104002092,6875,1.773818
02040104002094,10425,2.590024
02040104002096,1439,0.774149
02040104002098,1128,0.001773
02040104002100,587,2.800681
02040104002103,3700,1.337297
02040104002104,1033,0.113262
02040104002105,17610,2.089551
02040104002109,2707,0.324714
02040104002112,4457,0.589186
02040104002113,220,0.059091
02040104002114,35358,3.030177
02040104002115,781,0.460948
02040104002116,1013,0.537019
02040104002117,2471,0.150546
02040104002118,2291,0.686163
02040104002120,1553,0.754668
02040104002123,4371,0.450927
02040104002124,7297,0.273674
02040104002125,1107,0.304426
02040104002127,2566,3.413484
02040104002129,9417,0.125199
02040104002131,5143,1.934863
02040104002132,2824,1.160411
02040104002134,14990,1.471448
02040104002135,2767,5.659198
02040104002138,3068,0.125489
02040104002139,2,30.5
02040104002141,2988,0
02040104002142,18,0.111111
02040104002144,16927,3.417617
02040104002145,1060,0.733019
02040104002146,4461,3.086752
02040104002147,617,0.079417
02040104002148,2213,0.260732
02040104002150,1708,0.329625
02040104002151,2653,1.248021
02040104002152,1329,0.361926
02040104002153,1794,0.068004
02040104002155,8436,0.642603
02040104002156,5520,1.436051
02040104002157,13770,0.399782
02040104002158,9157,2.714317
02040104002161,24916,1.294911
02040104002162,32580,3.83849
02040104002164,6406,6.282704
02040104002165,1028,0.5
02040104002167,1692,0.008274
02040104002168,2836,5.049718
02040104002169,2491,0.797672
02040104002170,7038,5.751634
02040104002171,1676,0.346062
02040104002172,430,0.02093
02040104002174,172,0.645349
02040104002175,602,2.696013
02040104002176,1021,0.126347
02040104002178,37718,0.632483
02040104002179,65185,0.415985
02040104002181,1267,3.048145
02040104002182,2882,0.012144
02040104002183,9874,0.848592
02040104002185,5200,1.050577
02040104002187,5997,0.11239
02040104002188,2457,0.037444
02040104002189,3678,0.126699
02040104002192,14387,3.489331
02040104002193,729,0.053498
02040104002195,5892,0.017142
02040104002197,8678,0.064531
02040104002198,279,0.035842
02040104002199,3488,0.069094
02040104002200,9023,0.935498
02040104002203,83816,0.335187
02040104002204,5246,0.007244
02040104002205,2114,0
02040104002208,1268,0
02040104002209,1708,0.057377
02040104002210,13843,0.185726
02040104002211,9834,0.123246
02040104002215,5293,0.033251
02040104002217,340337,1.622307
02040104002218,3705,0.282861
02040104002219,5881,0.009352
02040104002222,4101,0.023897
02040104002224,3568,0.009249
02040104002225,7482,0
02040104002226,12376,0.141403
02040104002227,730,0.068493
02040104002228,23414,0
02040104002229,1074,0.063315
02040104002231,13447,0.035696
02040104002232,14608,0.147659
02040104002233,1901,0.012099
02040104002234,2705,0.084288
02040104002235,1100,0
02040104002238,4489,0
02040104002242,6177,0.045653
02040104002243,461286,1.25903
02040104002244,30011,0.092
02040104002245,872,0
02040104002246,5338,0.066879
02040104002248,32779,0.150767
02040104002251,3100,0.000968
02040104002254,6830,0.000439
02040104002255,629,0.421304
02040104002256,632,0
02040104002257,7302,0.227883
02040104002260,3150,0.093968
02040104002263,4098,0.375061
02040104002264,4734,0.190325
02040104002265,751,0.013316
02040104002266,10907,0.050151
02040104002267,3069,0.006517
02040104002268,5490,0.164117
02040104002269,4200,0.006429
02040104002271,610,0.498361
02040104002272,666,0.524024
02040104002273,1529,0.77567
02040104002274,8438,0.258711
02040104002275,188,0.420213
02040104002276,1873,0.115857
02040104002277,97,0.051546
02040104002278,998,0.019038
02040104002280,671,0.023845
02040104002281,54518,0.150372
02040104002282,852,0.086854
02040104002284,2313,0.128837
02040104002285,1697,0.36594
02040104002286,126,0
02040104002287,4429,0
02040104002289,4973,0
02040104002293,3136,0.03412
02040104002295,2148,0.43203
02040104002299,332,2.596386
02040104002300,6100,0.017869
02040104002301,2052,1.474659
02040104002303,11964,0.012036
02040104002304,2246,0.402939
02040104002307,1356,0
02040104002309,6146,0.086072
02040104002310,10669,0.137782
02040104002314,1222,1.00491
02040104002315,2668,0
02040104002317,637,1.979592
02040104002319,1532,0.637076
02040104002320,5462,0.047968
02040104002322,2898,0.062112
02040104002325,4764,0.040932
02040104002328,4195,0.021454
02040104002331,17184,1.079434
02040104002334,4911,0.373447
02040104002337,661,1.606657
02040104002707,6082,1.239395
02040104002712,555752,1.162695
02040104002713,3562,0
02040104002782,42805,0.597594
02040104002785,33611,0.58942
02040104005456,1548,0.02584
02040104006292,4490,0.140535
02040104006542,14040,2.184544
02040104006579,1252,14.507188
02040104007688,170,0
02040104007760,277,0.191336
02040104007856,63,0.47619
02040104007956,1943,2.150283
02040104007992,2397,0.011264
02040104009985,1451,0.148174
02040104010015,1557,0.112396
02040104010022,1026,0.738791
02040104016819,265925,0.042583
04130002001356,49781,0.759587
04130002001362,598,0.56689
04130002001365,7044,0.168938
04130002001367,18588,0.199591
04130002001372,7871,2.224114
04130002001377,2554,0.297572
04130002001378,284,0.014085
04130002001380,525,0.699048
04130002001381,365,0
04130002001384,22691,0.319246
04130002001387,15725,3.906073
04130002001389,4193,0.422609
04130002001390,261,0
04130002001397,3128,0.625959
04130002001398,3357,0.569258
04130002001402,589,0.008489
04130002001403,1425,0
04130002001411,329,0.069909
04130002001415,389,0.200514
04130002001418,101,0
04130002001419,2474,0.177445
04130002001424,378,0.208995
04130002001426,1888,0.127119
04130002001427,1720,0
04130002001430,30,0
04130002001432,34423,0.109375
04130002001434,129,0.736434
04130002001435,6913,0.117026
04130002001439,3048,0.220144
04130002001441,1055,0.107109
04130002001444,649,0.42527
04130002001446,4026,0.054893
04130002001450,548,0.998175
04130002001453,1053,0.054131
04130002001464,11676,0.113138
04130002001470,712,0
04130002001476,840,0.004762
04130002001477,837,0.063321
04130002001480,120496,0.246332
04130002001482,95426,0.088362
04130002001483,681,1.936858
04130002001489,73556,0.118807
04130002001492,2817,0.018104
04130002001493,618,0.152104
04130002001496,549,0.001821
04130002001504,1123,0.104185
04130002001506,2658,0.094056
04130002001512,5669,0.666784
04130002001514,12147,0.121758
04130002001515,993,0.01007
04130002004273,270,0.033333
04130002004556,3211,0.088757
04130002004682,1175,0.518298
04130002005274,9047,0.651487
04130002005903,306,0.029412
04130002006790,14009,0.176744
04130002006821,14251,0.183636
04130002006829,14810,0.179001
04130002007258,418,0.035885
04130002007578,185,0.259459
04130002007584,287,0.198606
04130002007609,1250,0.1936
04130002007784,1163,0.190026
04130002007839,274,0
04130002007842,782,0.283887
04130002008020,543,0
04130002008391,2493,0
04130002008396,8481,0.034784
04130002008592,1326,0.098039
04130002008832,818,0
04130002008891,221,0
04130002009031,109,0.036697
04130003001224,697,9.107604
04130003001229,7705,2.186762
04130003001230,23195,1.456133
04130003001231,855,2.316959
04130003001236,19299,7.623141
04130003001239,337,0.183976
04130003001241,10274,0.283239
04130003001242,8956,10.897946
04130003001248,298,0
04130003001249,591,2.505922
04130003001250,14695,3.152909
04130003001254,1,0
04130003001255,266,0.045113
04130003001256,1404,0.289886
04130003001257,1029,0.113703
04130003001259,3855,0.419455
04130003001262,202573,0.775755
04130003001265,123472,0.371558
04130003001267,115170,0.284024
04130003001268,300,0
04130003001272,333,0.483483
04130003001277,36145,0.146742
04130003001280,672,1.183036
04130003001293,953,0.560336
04130003002961,24,0
04130003002963,8,0
04130003003030,18097,0.476543
04130003003141,734,4.085831
04130003003246,1154,0.464471
04130003003392,5126,0.263948
04130003003573,2587,0.08736
04130003003631,345,0
04130003003650,200,0.275
04130003004018,3349,0.195282
04130003004019,2103,0.118402
04130003004069,320,0
04130003004071,157,1.936306
04130003004072,184,3.309783
04130003004086,113,0
04130003004093,24320,1.778618
04130003004100,9213,2.328883
04130003004106,141,0.205674
04130003004107,892,0.081839
04130003004127,2160,0.4875
04130003004140,5487,1.309459
04130003004157,56,1.928571
04130003004173,650,0.006154
04130003004196,1240,1.474194
04130003004199,34,0.352941
04130003004200,854,30.07377
04130003004201,274,0.927007
04150302001423,1171,1.923143
04150302001427,1597,0.623043
04150302001430,7161,0.231392
04150302001433,111743,0.182481
04150302001434,12590,0.097538
04150302001444,20557,0
04150302001450,2883,0
04150302001451,2101,0
04150302001455,757,0
04150302001460,2206,0
04150302001465,2344,0
04150302001472,1387,0
04150302001478,10104,0.046813
04150302001483,13759,0.00298
04150302001485,11498,0
04150302001487,840,0
04150302001490,4028,0.0072
04150302001491,191,0
04150302001495,1176,0
04150302001496,506,0
04150302001497,251,0
04150302001498,434,0
04150302001500,1965,0
04150302001501,494,0
04150302001502,798908,0.046043
04150302001504,203,0
04150302001505,2049,0
04150302001507,1427,0.0911
04150302001508,1415,0.038163
04150302001509,235,0
04150302001513,7938,0
04150302001515,3437,0
04150302001518,1590,0
04150302001519,504024,0.025177
04150302001521,1883,0.042485
04150302001522,755386,0.042953
04150302001525,4803,0
04150302001526,1840,0
04150302001527,379,0
04150302001528,3709,0
04150302001530,1556,0
04150302001531,3529,0.012751
04150302001532,875,0
04150302001533,1796,0
04150302001534,650,0
04150302001535,11335,0.027261
04150302001537,1333,0
04150302001540,347,0.002882
04150302001542,1564,0
04150302001543,2890,0.046021
04150302001545,1210,0
04150302001546,595,0
04150302001549,2881,0.02638
04150302001553,175,0
04150302001557,217,0
04150302001558,4663,0.059618
04150302001560,293,0
04150302001562,5024,0.057524
04150302001564,240,0
04150302001565,11334,0.02691
04150302001566,7795,0.037845
04150302001567,6721,0.000149
04150302001568,49504,0.09171
04150302001569,354,0
04150302001571,1654,1.050181
04150302001572,856,2.029206
04150302001573,789,0
04150302001577,3332,0.0006
04150302001578,9714,0.000926
04150302001579,579,0.003454
04150302001581,339,0
04150302001582,209,0
04150302001584,311,0
04150302001586,394,0
04150302001587,5791,0
04150302001589,485,0
04150302001590,1633,0.029394
04150302001591,241,0
04150302001592,478,0
04150302001593,619,0
04150302001594,303,0
04150302001595,5508,0
04150302001596,645,0
04150302001597,1829,0
04150302001599,1762,0
04150302001600,410373,0.006358
04150302001601,18191,0.012424
04150302001602,1473,0
04150302001603,2249,1.150289
04150302001604,4906,0.001019
04150302001605,4660,0
04150302001608,777,0
04150302001609,4910,0.058452
04150302001610,2712,0
04150302001612,4711,0
04150302001613,1332,0
04150302001619,3075,0
04150302001621,1107,0.01355
04150302001625,1697,0
04150302001627,2542,0
04150302001628,7459,0
04150302001629,1135,0
04150302001630,1594,0
04150302001634,2630,0
04150302001636,160,0
04150302001639,11183,0
04150302001640,745,0
04150302001642,331,0
04150302001643,6651,0.000601
04150302001646,4871,0
04150302001648,457,0.002188
04150302001651,2158,0
04150302001653,4140,0.000966
04150302001654,2406,0
04150302001656,144,0
04150302001657,1753,0
04150302001658,7723,0
04150302001659,3624,0
04150302001661,5806,0
04150302001663,2032,0
04150302001664,267,0
04150302001667,2511,0
04150302001669,6880,0
04150302001670,1298,0
04150302001671,5065,0
04150302001674,1267,0
04150302001676,1222,0
04150302001677,1797,0
04150302001678,11215,0
04150302001679,8972,0
04150302001682,1124,0
04150302001683,17443,0
04150302001684,9301,0
04150302001685,2445,0
04150302001686,1131,0
04150302001688,27,0
04150302001689,1497,0
04150302001693,615,0
04150302001694,226,0
04150302001695,378,0
04150302001696,342,0
04150302001697,13403,0
04150302001698,3400,0
04150302001699,771,0
04150302001700,6178,0
04150302001701,3741,0
04150302001706,3160,0
04150302001707,221,0
04150302001708,229,0
04150302001710,328,0
04150302001711,1293,0
04150302001712,622,0
04150302001713,269,0
04150302001718,1450,0
04150302001719,1222,0
04150302001720,996,0
04150302001721,12823,0
04150302001725,1006,0
04150302001731,1096,0
04150302001733,354,0
04150302001734,3909,0
04150302001736,497,0
04150302001737,1303,0
04150302001740,376,0
04150302001741,1001,0
04150302001742,2721,0
04150302001743,16779,0
04150302001744,1179,0
04150302001745,1551,0
04150302001747,14637,0
04150302001750,738,0
04150302001755,73588,0.000217
04150302001758,430,0
04150302001759,474,0
04150302001762,675,0
04150302001763,6117,0
04150302001764,2477,0
04150302001765,888,0
04150302001766,667,0
04150302001767,357,0
04150302001768,707,0
04150302001770,1001,0
04150302001771,287,0
04150302001772,78977,0.000203
04150302001773,288,0
04150302001774,595,0
04150302001775,557,0
04150302001782,1099,0
04150302001784,703,0
04150302001786,2214,0
04150302001787,1732,0
04150302004668,1250,0.3992
04150302004879,736,0
04150302004899,14196,0
04150302004950,11319,0.003622
04150302004969,319,0
04150302005025,2327,0.003008
04150302005029,222,0
04150302005042,1981,0.022716
04150302005053,1888,0.005826
04150302005065,2810,0.004626
04150302005100,985,0
04150302005107,1213,0.003298
04150302005117,201,0
04150302005129,656,0
04150302005169,39952,0.054591
04150302005172,1091,0
04150302005190,933,0
04150302005303,358,0
04150302005309,160,0
04150302005323,950,0
04150302005333,13889,0
04150302005390,5333,0
04150302005454,1313,0
04150302005529,9356,0
04150302005637,63,0
04150302005647,3613,0
04150302005662,1458,0
04150302005677,4225,0
04150302005711,1958,0
04150302005722,1261,0
04150302005736,445,0
04150302005739,6273,0
04150302005751,595,0
04150302005758,29470,0.153444
04150302005759,39247,0.052182
04150302005761,58427,0.000274
04150302005762,53152,0.000188
04150302006184,12543,0.065295
04150302006217,300,0
04150302006225,421,0
04150302006226,27076,0.036268
04150302006228,1692,0.049054
04150302006229,357,0.019608
04150302006233,816,0
04150302006234,469,0
04150302006236,110,0
04150302006240,32624,0.065075
04150302006241,814,0.003686
04150302006243,255,0
04150302006245,1842,0.001629
04150302006246,258,0.003876
04150302006252,769,0
04150302006257,697,0
04150302006260,468,0.33547
04150302006263,1046,0.075526
04150302006264,536,0.001866
04150302006265,1150,0.066957
04150302006288,574,0
04150302006295,3822,0
04150302006296,1427,0
04150302006301,111181,0.181596
04150302006302,9798,0.202899
04150302006304,728,0
04150302006305,963,0
04150302006306,708,0
04150302006307,657,0
04150302006313,742,0
04150302006314,139,0
04150302006316,195,0
04150302006318,469,0
04150302006319,484,0.642562
04150302006329,9105,0.052499
04150302006330,490272,0.010839
04150302006332,863,0
04150302006354,10589,0.000189
04150302006356,563,0
04150302006361,3570,0
04150302006362,4950,0.000404
04150302006370,4485,0.061984
04150302006381,534,0
04150302006386,465,0
04150303000570,15545,0.168221
04150303000572,8868,0.001353
04150303000586,2715,0.035727
04150303000588,2076,0.039981
04150303000590,7464,0.009646
04150303000591,3131,0.049824
04150303000592,794,0.18262
04150303000593,11291,0.005403
04150303000595,49586,0.334066
04150303000596,10065,0.059911
04150303000600,14676,0.595462
04150303000601,9027,0.002548
04150303000602,3390,0.138643
04150303000604,5034,0.193882
04150303000605,3874,0.605318
04150303000606,3193,0.270905
04150303000614,219,0
04150303000615,303,0
04150303000616,675,0
04150303000621,869,0
04150303000626,572,0
04150303000630,11583,0
04150303000634,1983,0
04150303000635,267,0.003745
04150303000637,1635,0
04150303000638,3079,0
04150303000639,377,0
04150303000642,7926,0
04150303000645,1662,0.028279
04150303000646,2206,0
04150303000647,518,0
04150303000649,321,0
04150303000653,579,0
04150303000657,4715,0
04150303000658,1943,0.003088
04150303000659,360,0.263889
04150303000661,1040,0
04150303000665,7590,0
04150303000667,2911,0.000344
04150303000668,1239,0
04150303000669,2509,0
04150303000670,1197,0
04150303000671,225,0
04150303000677,4436,0
04150303000678,401,0
04150303000679,3261,0.006746
04150303000681,1829,0
04150303000683,1890,0.303175
04150303000685,3716,0.045748
04150303000686,30252,0.001851
04150303000688,531,0.376648
04150303000692,179,0
04150303000694,2440,0.50082
04150303000698,14741,0.000611
04150303000699,3654,0
04150303000703,6354,0
04150303001773,4503,0.667333
04150303001807,2243,0
04150303001828,134,0
04150303001875,4637,0.03774
04150303001947,1611814,0.557176
04150303001948,1564,0
04150303001953,15175,14.767842
04150303002124,357,0
04150303002139,281,0
04150303002140,609,0
04150303002145,112,0
04150303002152,1800,0
04150303002153,144,0
04150303002154,197,0
04150303002156,131,0
04150303002157,546,0.032967
04150303002158,3332,0.030312
04150303002159,1644,0
04150303002160,578,0
04150303002161,638,0.012539
04150303002163,127,0
04150303002164,66,0
04150303002165,623,0
04150303002166,1702,0.001175
04150303002167,527,0.005693
04150303002168,909,0.0033
04150303002169,1714,0
04150303002170,278,0
04150303002171,255,0
04150303002172,1280,0
04150303002173,105,0
04150303002177,231,0
04150303002178,143,0
04150303002179,1381,0
04150303002182,523,0.097514
04150303002183,1094,0
04150303002191,695,0
04150303002192,754,0
04150303002194,420,0
04150303002195,2518,0.264098
04150303002196,4544,0.168794
04150303002199,1026,0.013645
04150303002200,1203,0
04150303002234,897,0
04150303002235,4622,0.00476
04150303002237,193,0
04150303002243,204973,0.031658
04150303002250,15358,0.001823
04150303002332,55054,0.056199
04150303002334,52,0
04150304000745,930,0
04150304000747,1024,0
04150304000748,3187,0.000314
04150304000749,488,0
04150304000750,1259,0
04150304000752,491,0
04150304000753,1152,0
04150304000754,1142,0
04150304000757,2339,0
04150304000758,2885,0
04150304000759,724,0
04150304000767,2247,0.009346
04150304000768,2621,0.000763
04150304000769,395,0
04150304000770,553,0
04150304000771,977,0
04150304000772,1696,0
04150304000773,685,0
04150304000774,1576,0
04150304000776,4648,0.000215
04150304000778,350,0
04150304000780,1260,0.007937
04150304000785,331,0
04150304000788,3799,0
04150304000789,1747,0.004007
04150304000791,5257,0
04150304000795,8052,0
04150304000796,2598,0
04150304000797,7812,0.011009
04150304000798,299,0
04150304000800,3616,0
04150304000804,3960,0.052273
04150304000805,619,0
04150304000807,3198,0
04150304000810,382,0
04150304000811,15923,0.005401
04150304000815,748,0
04150304000816,1395,0
04150304000817,4604,0.000869
04150304000820,658,0
04150304000821,389,0
04150304000822,127268,0.003135
04150304000823,205,0
04150304000824,103,0.15534
04150304000827,982,0
04150304000831,977,0
04150304000836,394,0
04150304000846,2481,0
04150304000847,1246,0
04150304000849,2316,0.14076
04150304000850,1216,0
04150304000851,2854,0
04150304000852,3286,0
04150304000854,5118,0
04150304000857,1347,0
04150304000861,7525,0
04150304000869,859,0
04150304002520,945,20.681481
04150304002528,312,0
04150304002694,343,0
04150304002736,793,0
04150304002748,513,0
04150304002861,77,0
04150304002918,1111,0
04150304002977,604,0.001656
04150304003019,1074,0
04150304003020,435,0
04150304003129,2342,0.058924
04150304003130,178,0
04150304003132,521,0
04150304003134,217,0
04150304003135,1343,0
04150304003137,421,0
04150304003140,330,0
04150304003141,660,0
04150304003142,884,0
04150304003146,446,0.026906
04150304003147,466,0.248927
04150304003156,6466,0.022734
04150304003157,2402,0
04150304003159,1982,0
04150304003190,1099,0
04150304003191,939,0
04150304003192,2320,0
04150304003213,496,0
04150305001233,289,0
04150305001235,75,0.666667
04150305001236,63222,0.479564
04150305001238,478,0.077406
04150305001239,7250,0.185655
04150305001242,2028,0.005424
04150305001243,768,0
04150305001244,329,0
04150305001247,1348,0
04150305001248,83,0
04150305001250,2672500,0.09419
04150305001251,2661277,0.094561
04150305001253,323,0
04150305001254,2705694,0.093065
04150305001255,959,0.002086
04150305001256,1087,0.01012
04150305001257,253,0
04150305001258,174,0
04150305001259,61673,0.000227
04150305001260,1059,0
04150305001261,2814502,0.090566
04150305001263,543,0
04150305001264,1414,0
04150305001267,1682,0
04150305001268,469,0
04150305001269,225,0
04150305001273,17724,0.006432
04150305001274,8222,0.006811
04150305001279,704,0
04150305001280,2931,0
04150305001281,5941,0
04150305001283,2537,0
04150305001288,420,0
04150305001289,3884,0.001802
04150305001290,5171,0.01199
04150305001291,9497,0
04150305001293,3470,0.04755
04150305001294,126,0
04150305001295,268,0
04150305001298,1452,0
04150305001299,613,0
04150305001301,1095,0
04150305001302,1601,0
04150305001305,54,0
04150305001306,2330,0
04150305001307,1257,0
04150305001308,19271,0.012194
04150305001309,2097,0.005722
04150305001310,528,0
04150305001312,722,0.102493
04150305001313,647,0
04150305001314,688,0.001453
04150305001315,3521,0.016189
04150305001316,909,0
04150305001317,1623,0.040049
04150305001319,505,0
04150305001320,2293,0
04150305001328,428,0
04150305001330,6987,0.011879
04150305001332,29564,0.152111
04150305001334,38324,0.004123
04150305001335,386,0.720207
04150305001336,10420,0
04150305001339,2736,0
04150305001341,1388,0.002161
04150305001342,578,0
04150305001343,7893,0.018624
04150305001345,595,0
04150305001348,1962,0
04150305001350,6823,0
04150305001351,1163,0
04150305001352,284,0
04150305001353,332,0
04150305001356,40334,0.000595
04150305001360,578,0
04150305001362,35150,0.000028
04150305001365,8522,0
04150305001366,256,0
04150305001367,4149,0
04150305001368,1659,0.006028
04150305001369,35304,0.000397
04150305001370,7627,0.038023
04150305001374,132,0.030303
04150305001375,207,0
04150305001376,283,0
04150305001378,169,0
04150305001379,583,0
04150305001381,3164,0
04150305001382,4188,0
04150305001383,1030,0
04150305001385,579,0
04150305001386,7904,0.000886
04150305001388,2139,0
04150305001389,1124,0
04150305001391,17567,0.004782
04150305001392,520,0
04150305001393,1770,0
04150305001396,11766,0.007139
04150305001397,1037,0
04150305001399,15482,0.009172
04150305001400,2387,0
04150305001401,30007,0.032259
04150305001402,226,0
04150305001403,1716,0
04150305001404,541,0
04150305001406,5416,0.0024
04150305001407,1202,0
04150305001409,13732,0.020682
04150305001412,7368,0
04150305001413,4969,0.001006
04150305001414,807,0
04150305001415,443,0
04150305001417,4001,0
04150305001419,1286,0
04150305001421,4092,0.001711
04150305001422,1374,0
04150305001423,2464,0
04150305001424,15530,0.026014
04150305001426,8470,0
04150305001427,8849,0.005311
04150305001429,1190,0
04150305001430,14650,0.021365
04150305001432,1070,0
04150305001436,3191,0
04150305001439,448,0
04150305001440,7816,0.005118
04150305001441,1571,0
04150305001442,17862,0.000504
04150305001443,11111,0
04150305001445,4072,0.053782
04150305001447,724,0
04150305001448,5612,0.028154
04150305001452,740,0
04150305001453,1508,0
04150305001456,464,0
04150305001457,5075,0.014581
04150305001458,323,0.894737
04150305001462,22526,0.002486
04150305001463,624,0.796474
04150305001464,23132,0.000476
04150305001466,3208,0.250623
04150305001467,172676,0.025921
04150305001472,343,0
04150305001473,3867,0.010603
04150305001474,5092,0.008248
04150305001477,913,0.002191
04150305001481,5033,0.00755
04150305001484,1926,0.001038
04150305001485,3569,0
04150305001486,506,0.005929
04150305001487,16053,0.006229
04150305001488,1586,0
04150305001490,12798,0.208704
04150305001491,1868,0
04150305001492,465,0
04150305001493,12505,0.1501
04150305001497,1498,0
04150305001498,2941,0.00782
04150305001499,211,0
04150305001500,36172,0.000829
04150305001501,747,0
04150305001502,23017,0.008429
04150305001503,1928,0
04150305001506,543,0
04150305001509,1470,0
04150305001510,569,0
04150305001511,9120,0
04150305001512,261,0
04150305001513,20736,0.003906
04150305001514,2256,0
04150305001515,61140,0.065653
04150305001518,1352,0.006657
04150305001519,11242,0
04150305001521,9856,0
04150305001522,374,0
04150305001523,6066,0.006594
04150305001526,4089,0.087307
04150305001527,6945,0.051404
04150305001528,873,0
04150305001529,21114,0.008383
04150305001532,9133,0
04150305001533,1535,0
04150305001534,837,0
04150305001536,1302,0
04150305001537,418,0
04150305001538,2283,0
04150305001540,332661,0.061309
04150305001542,30446,0
04150305001544,2351,0
04150305001545,147,0
04150305001546,1346,0
04150305001547,20858,0
04150305001550,13565,0.000369
04150305001553,9688,0.000516
04150305001554,526,0
04150305001555,45776,0.00142
04150305001562,35,0
04150305001563,2199,0.00864
04150305001565,2603416,0.096586
04150305003690,1915,0.081984
04150305003789,360,0.1
04150305003791,966,0
04150305003815,1790,0
04150305003839,2514525,0.099883
04150305003945,15473,0.181025
04150305003968,2072826,0.117858
04150305003980,2031,0.000985
04150305003987,2893,0
04150305003988,901,0
04150305003990,4116,3.36516
04150305003994,9371,0.031907
04150305003996,6153,0.00195
04150305003998,1146,0
04150305004008,2832,0
04150305004057,544,0
04150305004095,6242,0
04150305004109,199,0
04150305004118,1150,0
04150305004178,532,0.024436
04150305004181,2660,0.563158
04150305004184,2433,0.427867
04150305004186,1956,0
04150305004193,8790,0.001138
04150305004199,202,0
04150305004229,150250,0.008486
04150305004284,100111,0.004945
04150305004293,564,0.001773
04150305004303,2783,0
04150305004318,1417,0
04150305004319,99255,0.004947
04150305004326,298,0
04150305004373,913,0
04150305004377,204,0
04150305004421,189435,0.024188
04150305004425,3325,0
04150305004448,457,0
04150305004457,180,0
04150305004463,293,0
04150305004479,902,0
04150305004497,1200,0.018333
04150305004516,1091,0.00275
04150305004541,3340,0.012575
04150305004616,1003,0
04150305004648,339,0
04150305004649,512,1.005859
04150305004653,5641,0.002305
04150305004663,38147,0.025769
04150305004684,2741,0
04150305004704,440,0
04150305004715,1538,0.014954
04150305004717,937,0
04150305004720,1743,0
04150305004724,10572,0.097049
04150305004725,17269,0.585847
04150305004757,1380,0
04150305004771,1372,0.010933
04150305004774,901,0.022198
04150305004887,324,0
04150305004898,4090,0
04150305004901,958,0
04150305004909,375,0
04150305004921,4299,0
04150305004937,2877,0
04150305004961,6767,0
04150305004962,5727,0
04150305004963,881634,0.065873
04150305004965,76673,0.004982
04150305004966,497991,0.042288
04150305004967,2050575,0.116534
04150305004968,1472415,0.065642
04150305004969,30981,0.24996
04150305004970,35710,0.225483
04150305004971,64187,0.134809
04150305004978,2522400,0.09958
04150305004979,614,0
04150305005803,136,0
04150305005807,887,0.007892
04150305005808,2716,0.345361
04150305005822,1343,0.204021
04150305005832,728,0
04150305005836,1171,0.034159
04150305005918,472,0
04150305005922,194,0.010309
04150305005923,236,0
04150306001186,871,0.349024
04150306001187,28723,0.086899
04150306001195,6189,0.412021
04150306001196,864,0
04150306001197,286,0
04150306001198,1350,0.006667
04150306001199,19449,0.446501
04150306001201,16506,0.079304
04150306001203,480,0
04150306001205,72,3.777778
04150306001207,80586,0.227037
04150306001210,1339,0.000747
04150306001211,18823,0.008341
04150306001213,874,0
04150306001214,1830,0
04150306001217,206,0
04150306001219,608,0.054276
04150306001220,2101,0
04150306001221,652,0.415644
04150306001222,7261,0
04150306001225,1826,0
04150306001226,156126,0.106651
04150306001228,473,0
04150306001230,711,0
04150306001234,3944,0
04150306001235,7706,0.000519
04150306001236,969,0
04150306001237,159,0
04150306001240,2061,0
04150306001241,1766,0
04150306001243,1463,0
04150306001244,6422,0
04150306001245,824,0
04150306001246,2847,0.219881
04150306001249,892,0
04150306001250,265,0
04150306001251,27148,0.006446
04150306001252,634,0
04150306001254,410,0.05122
04150306001255,6894,0.002321
04150306001257,2600,0
04150306001258,1843,0
04150306001260,3420,0.258187
04150306001261,3037,0.002963
04150306001262,600,0
04150306001263,4345,0.008055
04150306001264,9645,0.694038
04150306001265,949,0
04150306001267,19805,0.378844
04150306001268,3374,0.241257
04150306001269,2838,0
04150306001271,9591,0.005735
04150306001272,181,0
04150306001273,507,0
04150306001274,7182,0.155249
04150306001276,20502,0.015901
04150306001277,339,0
04150306001278,1201,0
04150306001279,231,0
04150306001281,3220,0
04150306001282,2651,0
04150306001283,388,0
04150306001284,2690,0.118959
04150306001286,624,0.104167
04150306001290,138,0
04150306001291,922,0.001085
04150306001292,2653,0
04150306001296,2962,0
04150306001297,15327,0.062047
04150306001302,539,0
04150306001304,924,0
04150306001306,1574,0
04150306001307,2515,0
04150306001309,1015,0.00197
04150306001312,25579,0.00043
04150306001313,25843,0.000426
04150306001315,4437,0
04150306001316,843,0
04150306001318,3492,0.003436
04150306001320,3990,0
04150306001323,2897,0
04150306001325,1964,0.000509
04150306001326,257,0
04150306001327,662,0
04150306001345,1827,0.000547
04150306001346,188,0
04150306001347,753,0
04150306001348,9808,0.001122
04150306001349,14361,0.000766
04150306001352,1997,0
04150306001353,748,0
04150306001354,2058,0
04150306001355,2388,0
04150306001356,884,0
04150306001357,2128,0
04150306001358,3433,0
04150306002543,864,0
04150306002597,8826,0.007251
04150306002599,7681,0
04150306002666,145,0
04150306002705,1782,0
04150306002803,608,0
04150306002864,22375,0.077318
04150306002865,3418,0.000585
04150306002918,170,0
04150306002936,233,0
04150306002949,306,0
04150306002950,4693,0
04150306002951,1059,0
04150306002952,19975,0.060926
04150306002953,23275,0.05246
04150306002954,51460,0.29932
04150306003121,415,0.014458
04150306003127,148,0.006757
04150306003130,6486,0.287234
04150306003132,630,0.407937
04150306003133,720,0.008333
04150306003134,357,0.008403
04150306003137,1364,0
04150306003144,657,0
04150306003174,3665,0
04150306003177,2950,0
04150306003178,1978,0.011122
04150307000844,52634,0.257476
04150307000851,6291,0.00159
04150307000853,24948,0.000401
04150307000857,536,0.160448
04150307000859,661,0.003026
04150307000861,35382,0.000933
04150307000863,17891,0.242524
04150307000868,203,0.068966
04150307000874,83,0
04150307000875,533,0
04150307000878,3609,0.060127
04150307000880,3481,0.006895
04150307000882,8381,0.010858
04150307000883,10098,0.00208
04150307000885,294,0
04150307000886,1221,0.018018
04150307000887,1168,0
04150307000888,11786,0.060156
04150307000889,1097,0.002735
04150307000891,6668,0
04150307002358,529247,0.489909
04150307002536,5255,0
04150307002547,15424,0
04150307002774,19,0
04150307002802,8934,0.063242
04150307002814,3785,0
04150307002819,8899,0.054613
04150307002820,130722,0.051499
04150307002954,1418,0
04150308000046,192,0
04150308000052,1542,0.015564
04150308000090,1513,0
04150308000097,2672,3.172904
04150308000098,3077,0
04150308000106,4563,0.019724
04150308000116,2540,0.018504
04150308000129,3802,0
04150308000130,235247,0.188466
04150308000173,284985,0.175009
04150308000215,239,1.246862
04150308000219,1006,0.023857
04150308000237,15451,0.076953
04150309001035,996,0.251004
04150309001089,306,0
04150309001117,19901,0.093664
04150309001132,44448,1.222777
04150310001065,19,0
04150310001084,39312,0.455484
04150310001135,908,0.248899
04150310001148,975,0.192821
04150310001149,46,0
04150310001223,449,0.213808
