"LAKE_ID","CHLOROPHYLL A","DEPTH, SECCHI DISK DEPTH","PHOSPHORUS","TSI"
"0101DEL0025",86.1429610125955,69.791957184383,60.4720415193578,72.1356532387788
"0101JOEXXX1",NA,NA,57.4155620769121,57.4155620769121
"0101OPP5774",58.3851856435454,69.4042177166299,51.3495614618399,59.7129882740051
"0102AKR0013",56.7482576936549,54.1881210394971,45.0337140844632,51.9900309392051
"0102ATT0020",61.5403883568125,53.7896956487726,52.00680915991,55.7789643884984
"0102ATT0020A",63.5935683045305,50.0781020824815,52.4499443282322,55.3738715717481
"0102DAN5777",67.021007050925,57.3727463665991,59.7303599311696,61.3747044495646
"0102DIV0015",64.508525280475,51.4314716024228,58.5987049654962,58.179567282798
"0102LA 5022",39.8881885391709,71.0131159434216,42.7791391368412,51.2268145398113
"0103UWB5343",61.7452783074558,53.8076702561776,48.8269840061044,54.7933108565793
"0104CLE0100",63.4529405158505,52.0975209899489,55.5894972101312,57.0466529053102
"0104CRA5666",16.9478658744452,46.7962505536934,49.1745022111077,37.6395395464154
"0104CRY0147",44.4334285003519,44.0054669972926,35.8725803752803,41.4371586243083
"0104HOL5678",19.4024548554245,51.9359364958506,50.6810904009406,40.6731605840719
"0104JAV0152",80.3971963984127,63.377546025013,72.1594719795331,71.9780714676529
"0104LIM0130",52.0112812649153,45.7852395684647,46.4930109712549,48.096510601545
"0104RAI5630",61.2964654152883,49.8789381195736,51.18358914276,54.119664225874
"0104SUC0132",88.2540541180698,81.1780307285493,85.4550743317926,84.9623863928039
"0104TIM5635",69.2822691252409,57.697138092766,61.8071770323501,62.9288614167857
"0105BRO0160K",52.3651588095144,61.1609903457901,37.9878354664709,50.5046615405918
"0105EMU0144",57.3678170210723,43.6964955734132,42.1018370747704,47.722049889752
"0105FRE0160",32.6777796672423,41.5953666444105,27.0215461069698,33.7648974728742
"0105MIN0165A",7.39190530270028,59.2969337343185,39.2427045848745,35.3105145406311
"0201ALL5357",71.3978140237181,54.6450018861296,46.86227437003,57.6350300932926
"0201ALM5535",88.4889347626396,74.5855823343166,84.4689410249365,82.5144860406309
"0201CAS0109C",76.9975171504315,57.3727463665991,51.9042201921283,62.0914945697196
"0201CUB0115",47.9902755165232,44.0453611681387,44.9818186580123,45.6724851142247
"0201HAR0110A",48.2043674664778,44.6575182799391,45.505102167476,46.122329304631
"0201LIN0097A",77.2523097591171,62.6803302881387,62.139824363985,67.3574881370803
"0201QUA5359",53.0251648537221,47.3225830767,36.556551971252,45.6347666338914
"0201RED0095B",57.8046696492946,51.3917734376763,43.5313756161875,50.9092729010528
"0201REDXXX1",NA,NA,40.9664882084263,40.9664882084263
"0201SCI0090B",53.4449332837,51.6533281743245,40.6263798546055,48.5748804375433
"0201STOXXX1",NA,NA,49.8604292066261,49.8604292066261
"0202AIRXXX1",61.4597540776162,47.3844954947303,45.8291607488627,51.5578034404031
"0202BEA0131",69.9355982643418,52.3225612671414,49.6322694954414,57.2968096756416
"0202CHA0122",74.7397056204735,55.3437930865027,60.8067287614089,63.630075822795
"0202CLY0150",89.6734761996047,76.2774152521908,74.0549350266815,80.0019421594924
"0202FIN0153",66.1304540494093,53.1234668424294,55.8884185189732,58.380779803604
"0202LCA0133",58.2314488983424,50.6884977670243,49.9895756402931,52.9698407685533
"0202LEOXXX1",NA,NA,71.5321917929407,71.5321917929407
"0202MCA0135",71.8788011742655,54.892766050044,53.3658324980248,60.0457999074448
"0202NEW5669",63.4258228913678,50.3465582574937,55.1142975356755,56.2955595615123
"0202UCA0136",54.622001288279,49.1322068060823,47.3921524879201,50.3821201940938
"0202UWB5366",41.2987365109976,53.227247702569,42.7112235247305,45.7457359127657
"0202UWB5581",58.4223728823789,60.0724126698245,51.1490213953693,56.5479356491909
"0202UWB5582",61.4597540776162,NA,49.3638265936983,55.4117903356573
"0202UWB5604",67.3629993647467,60,79.5052670349444,68.956088799897
"0202WMU0145",69.36060621126,51.4710086688284,52.4973336060017,57.77631616203
"0301BON0190B",47.5962050472465,51.5299941587605,47.7045268582017,48.9435753547362
"0301BUC0153",74.8396306034631,68.9703593337559,66.9091539901138,70.2397146424443
"0301CRA0155",81.7824698104156,70.2730040263128,61.6365447617611,71.2306728661632
"0301GLE0167",81.6111691913675,58.8952078054792,59.0019713079884,66.5027827682784
"0301JDSXXX1",NA,NA,57.4871254992256,57.4871254992256
"0301LON0154",76.6808571727509,57.2269933143776,67.9245187645122,67.2774564172136
"0302BLI0077",79.4157923233485,58.8790661708355,51.7931454523653,63.3626679821831
"0302DUR0148A",74.9970704076205,51.4692266241115,56.9412688678615,61.1358552998645
"0302EAS0093",82.0167004123503,63.3568155267596,60.7756539595079,68.716389966206
"0302EAS0148E",88.2439281858045,59.310462855164,64.9416706941667,70.8320205783784
"0302HUN0143",51.633228627327,NA,42.5109425273737,47.0720855773504
"0302IRO0113",64.5007773919525,57.5274781381784,53.1988604294548,58.4090386531952
"0302LAC0132",64.50676866462,54.6454116195444,81.1655928419829,66.7725910420491
"0302LSO0076",55.4299501688672,48.593944892143,42.9865216088343,49.0034722232815
"0302POR0089",77.7240655094712,56.7065636421744,61.2426677783887,65.2244323100115
"0302SOD0096",60.4991990903388,50.7783500160119,51.6513547390644,54.3096346151384
"0302THE0069",67.9303801182863,55.8918721690586,56.8839608050173,60.2354043641207
"0303FLO1030C",53.5167716577811,63.2154985744378,51.0761836087332,55.9361512803173
"0303GOO1037B",57.0718950339784,60.7391363721246,51.835306245593,56.548779217232
"0303HYD0391",59.1613205270175,46.6049346235459,44.8313777559176,50.199210968827
"0303LAK1031",51.259544583329,47.9977795385052,43.9493433352747,47.7355558190363
"0303LIG0018A",57.163596455896,45.1631841984195,35.1784109710014,45.8350638751057
"0303LON0049",44.433830191645,NA,40.2207064240794,42.3272683078622
"0303LOR0009",50.4288341250842,50.7353093846221,45.3371437099942,48.8337624065668
"0303MOS0031A",55.4009800286402,60,46.6917620747102,54.0309140344502
"0303NCO1039B",45.6007901820672,60,47.6340132702595,51.0782678174422
"0303NOR1041",79.9071450722128,59.1242487888664,54.7251296767054,64.5855078459282
"0303SAL0019A",60.3309628648809,47.3844954947303,33.584397142156,47.0999518339224
"0303SCO1039A",56.0967172837522,51.9359364958506,45.9884993866732,51.3403843887587
"0303SIX1030",79.5590156894787,57.4841131202347,56.4309103221979,64.4913463773038
"0303SOU0001",67.1483985416544,53.7195601233759,46.5483103664991,55.8054230105098
"0303UWB5011",36.4468068589197,69.9882508718688,61.4016093934216,55.94555570807
"0303WHI0048A",69.7383127327163,56.8551414002933,53.1348525506243,59.9094355612113
"0402BLU0011",55.0590067514142,42.5445568897957,43.5589452150712,47.0541696187604
"0402CAN0043",43.9112595813854,36.9401090542636,35.1661357134888,38.6725014497126
"0402CHUXXX1",74.0131531768084,67.3609972384679,66.116855557675,69.1636686576504
"0402CON0067",57.2539775181325,45.4624616682068,47.1293420339971,49.9485937401121
"0402DEW5227",52.5961130597489,43.3174895530276,44.4040972274664,46.7725666134143
"0402HEM0044",45.8226412079426,40.4641988588884,35.9576241096219,40.7481547254843
"0402HON0057",72.2766585822133,53.0268131308391,53.4275140309654,59.5769952480059
"0402HOR0018",53.2194415363176,42.7955772293122,40.7999007457587,45.6049731704629
"0402LE 0024A",71.7789114198748,72.2147389202023,73.8119509137567,72.6018670846113
"0402MIL0016",105.918203150659,78.9838244928664,81.8921605938797,88.931396079135
"0402UWB5160",90.9340645119469,57.6035684388052,75.0098532850055,74.5158287452525
"0403AMI0159A",67.4902925262274,49.1401208756524,55.944011829125,57.5248084103349
"0403AND0164",75.7261462762999,66.8879700571145,68.0155766077822,70.2098976470655
"0403FOS0161B",68.0635547017622,53.0901569404202,50.3203979540469,57.1580365320764
"0403HAN0150A",79.3401966687707,65.9088814957433,64.7941025880838,70.0143935841993
"0403MOS0144",74.5601673067351,58.5606108509601,59.042073102488,64.0542837533944
"0403RUS0146",46.2740144644775,41.0402782424272,35.1896626770011,40.8346517946353
"0403SIL0115",62.7575431000244,46.7485719762826,55.3076639650695,54.9379263471255
"0403SPR0142",76.1239460729846,NA,62.5767389473237,69.3503425101541
"0403UWB0124A",54.6483323524475,43.6964955734132,40.3384213634961,46.2277497631189
"0403UWB5243",57.3678170210723,56.2193309490235,66.4273924574647,60.0048468091868
"0404LOO0079",48.1535973910011,42.843514724293,40.0513146179958,43.6828089110967
"0404NUN0084A",65.2186334514694,52.0696956872738,43.5022505272303,53.5968598886578
"0501ELD0014",68.8865352209722,54.2638170683637,55.2869835060317,59.4791119317892
"0501HOFXXX1",69.1612235247305,50.7508855002558,45.7488262792495,55.2203117680786
"0501LOW0021",81.5346937874686,64.8129869342923,56.7980887511765,67.7152564909791
"0501MIL0016",79.7410805495715,62.5756115872031,55.0951079742049,65.8039333703265
"0501UWB5107",88.6197983619224,61.1605280425989,53.6114059051058,67.797244103209
"0501UWB5668",66.432353889943,60,44.4867968482508,56.9730502460646
"0501WAV0010",NA,NA,40.571007050925,40.571007050925
"0501WEY0012",90.8373587377907,67.5684248643874,67.5050155677757,75.3035997233179
"0502BIR5140",106.413083264641,60.3557627928872,67.4660562159101,78.0783007578126
"0502DEM0068",46.6423609859237,42.5217669802759,43.4812246428779,44.2151175363591
"0502LAM0047",75.0020162521235,53.6653298139087,52.2749442616329,60.3140967758884
"0502LOU0071",90.7946644318951,63.2154985744378,74.3398467755695,76.1166699273008
"0502MUD0063",113.958321497725,83.1920003181754,103.644007207048,100.264776340983
"0502PET0042",57.0948751185231,48.3144955843227,49.6124534424839,51.6739413817766
"0502ROU0046",57.4352528415582,50.0117491281312,46.6845057914583,51.3771692537159
"0502SAL0051",57.6567958076929,55.3408384239276,56.4213501676941,56.4729947997716
"0502SAN0043",NA,46.0123905235046,43.4560593730604,44.7342249482825
"0502SMI0066",73.1625554643296,59.4268590502935,60.5259062731552,64.3717735959261
"0502THU0040",75.0411417644445,NA,74.8840623050822,74.9626020347633
"0502UWB5192",59.558446347085,53.4274460209465,51.7309171971893,54.9056031884069
"0502VAN0045",73.8703797332377,55.6754928227906,48.7882291149119,59.4447005569801
"0502WAN0048",75.8306780495174,52.0131594953118,60.0508586130131,62.6315653859474
"0503AGT5287",83.6850841265351,63.2154985744378,56.1412789274218,67.6806205427983
"0503ERW0023B",67.8067266827213,53.5849156508403,41.5157910309881,54.3024777881833
"0503GOO0027",65.5656553048578,52.3536469021941,51.460739731658,56.46001397957
"0503HOR0034",53.8656596440065,54.6457691518079,42.1018370747704,50.2044219568616
"0503HOR0035",66.432353889943,45.6872419509218,38.7276498337525,50.2824152248724
"0503HOR0036",25.1233220491948,35.1749333265507,32.6162483952374,30.9715012569943
"0503TANXXX1",78.1312343874611,58.0704788185438,64.4836560157113,66.8951230739054
"0503UWB5183",65.6927045848745,52.5323203978426,49.6000524343836,55.9416924723669
"0601ARN0362",NA,37.0991206942701,NA,37.0991206942701
"0601BEA0174",66.5811968950567,51.1113032938502,51.678143270031,56.4568811529793
"0601CAN0392",52.2724328930928,46.9998167915022,44.6073974919694,47.9598823921881
"0601CHE0213",40.061328925431,37.0385737760095,37.0159101912294,38.0386042975566
"0601ESI0262",65.2707967103041,55.0213807967228,51.6991451413101,57.330440882779
"0601GIL0287",NA,39.1498974558876,53.8069729666149,46.4784352112512
"0601GOE0378",NA,30.7743837565182,NA,30.7743837565182
"0601GUI0188",46.6242454058796,43.7666928426048,44.6110665349914,45.0006682611586
"0601NAT5467",66.5520226265309,NA,45.9090501498791,56.230536388205
"0601UWB0229",36.2532469057303,38.9813575229,37.9188397246445,37.7178147177582
"0601WHI5191",74.2332207110098,61.8714191208666,58.449233851453,64.8512912277765
"0602BAL5648",61.694358430439,50.5225224348856,46.7560705853139,52.9909838168795
"0602BOW5660",63.6531059262914,60.9934019894654,48.8327473036927,57.8264184064832
"0602BRA0154",36.5488733064079,33.7826497608137,37.2741349644371,35.8685526772195
"0602CHE0032",NA,NA,44.2205739021018,44.2205739021018
"0602CRO0073",52.5083911338059,42.3152265949225,42.7768127159821,45.8668101482368
"0602DEA0036",82.7730166843788,64.3920384777204,74.9984437779866,74.0544996466953
"0602EAR0146",35.4131713493114,44.0196666740174,39.4857744641788,39.6395374958359
"0602EAT0163",33.3945166988638,35.1978109501602,36.1501315655316,34.9141530715185
"0602ECH0081",44.6078284210103,44.7738234270174,39.1636743086747,42.8484420522341
"0602GEN0088",42.4964797898353,43.748296639882,36.5765585711536,40.9404450002903
"0602GLO0040",NA,47.9977795385052,46.6088100795801,47.3032948090426
"0602HAT0155",43.4410461159794,37.115769420423,38.9995084077367,39.8521079813797
"0602LEB0153",41.0769788234045,37.8893409510572,37.5514991176051,38.8392729640222
"0602LLY5637",48.5903211275601,51.0989151692159,42.1879180584664,47.2923847850808
"0602LON0083",72.1204373561163,53.3419720647137,53.7724254142553,59.7449449450284
"0602LUD0099",56.9119567168683,51.9926961740816,46.6207531285312,51.8418020064937
"0602MEL0039",61.3269866550206,51.1152710560525,48.3596772333083,53.6006449814605
"0602MOR0152",51.6971159502692,41.9437833341554,44.496748185586,46.0458824900035
"0602PET0078",39.1927488406853,38.1756682180948,36.4395649460781,37.9359940016194
"0602PLY0107",61.5813766124813,54.5246601838909,50.5405029636366,55.5488465866696
"0602ROU0082",NA,53.227247702569,39.982353889943,46.604800796256
"0602SHA5677",NA,55.1514350702883,48.2565559885558,51.703995529422
"0602SON0072",47.847697920232,43.9872232172845,45.9541913888497,45.9297041754554
"0602SPR0050A",NA,75.1279368140259,68.7131968647758,71.9205668394008
"0602TUL0068",49.4133713819617,40.1737995586361,42.5599615281058,44.0490441562346
"0602ULI0067",35.7432881389449,39.8028724933674,40.0641881978104,38.5367829433742
"0602WAR0094",49.7384988173925,42.2519254590502,39.4305342952483,43.8069861905637
"0602WHA5659",NA,57.3727463665991,50.3921027732013,53.8824245699002
"0602WHI5358",73.0541181957305,57.1559816593378,52.246954240516,60.8190180318614
"0602WOO0148",54.0398433153995,43.7385246748013,46.5001728299402,48.092846940047
"0603CAY0008",66.6664084015236,56.7176996634067,56.9498595634113,60.1113225427805
"0603GREXXX1",NA,61.5182450306293,54.7001376645439,58.1091913475866
"0701CRO0185",64.1851338578453,58.0123390209686,57.3462459176414,59.8479062654851
"0701GRE5021",55.8985011043074,69.9882508718688,68.7459324066438,64.87756146094
"0701MUD0013",64.1401421719041,60.8781162597314,48.7009121918374,57.9063902078243
"0701NEA0009",89.5645851578125,71.3567760069926,76.8903774636447,79.2705795428166
"0701OTT0198",67.2365266826045,68.9717446442902,62.2939288409478,66.1674000559475
"0701PAR0197",72.570639626611,70.4003411906383,64.3377646106465,69.1029151426319
"0701UWB5036",64.088830926585,63.2154985744378,52.3540672230413,59.8861322413547
"0702HIA0156",81.4716348292238,75.4791023635798,65.258876232287,74.0698711416969
"0702OTI0175",55.6468893316036,46.3023495566147,45.7650541549178,49.2380976810454
"0703BUL0076",66.3625921626869,52.8774373396755,46.0238744176737,55.0879679733454
"0703CAR0095",51.633228627327,54.1572477921613,54.3937831983338,53.3947532059407
"0703CAZ0153",44.3616453117817,39.3347143850391,44.9659122709936,42.8874239892715
"0703DER0139A",40.2126530785926,37.4925206018103,40.6161110683117,39.4404282495715
"0703FRA0035",48.2050775737881,48.8323957280044,45.0911728716867,47.3762153911597
"0703GRE0112C",29.8906766787691,41.9476856239817,30.9178170210723,34.2520597746077
"0703GRE0147",20.3857645824052,32.2000908344462,30.945825975353,27.8438937974015
"0703JAM0144",49.8105993350423,52.1339237985647,41.7252489112237,47.8899240149436
"0703KAS0109",43.4980288468391,40.8555924304644,40.4216443809633,41.5917552194223
"0703KIB0042",80.6045317360417,59.4134969113472,50.6002572929896,63.5394286467928
"0703NOR0040",49.4661592593556,40.5742659330014,35.5099198238016,41.8501150053862
"0703PAN0094",50.4978202309615,49.5673412673984,41.9452617751567,47.3368077578388
"0703PEN0016",75.7998337886867,59.2288304030535,79.8695356168924,71.6327332695442
"0703PLE0019",73.5726539217383,54.1717670426731,53.3170393517755,60.3538201053956
"0703ROU0148",15.1218742433608,24.9896381368942,61.3937232005863,33.8350785269471
"0703SUN0120",90.3548072222908,78.8572492606662,74.0295767706864,81.0805444178811
"0703TEM0017",79.4517062903788,54.1572477921613,55.1687756583503,62.9259099136301
"0703TUS0153A",40.0732396110225,37.5427592644481,38.3392043745219,38.6517344166642
"0703UWB0081",64.7789147519665,65.7708817346646,54.5258757250625,61.6918907372312
"0703UWB0122",41.0912509169383,65.1396859421571,38.7276498337525,48.319528897616
"0703UWB5181",48.4503276647423,NA,44.822050577524,46.6361891211331
"0704CAN0286",38.6728582062587,36.2511495234328,32.0440724789086,35.6560267362
"0704FAI0263A",62.0904184519988,47.9977795385052,50.5661893945994,53.5514624617011
"0704JUN0240",36.0570534030859,37.3962446228615,32.6162483952374,35.3565154737283
"0704NEW0273",94.4451598204874,63.9266678874655,62.5751284062879,73.6489853714136
"0705CAY0296",52.0743076032259,45.8402120502721,43.0465580962596,46.9870259165859
"0705COM0333",58.0719194338796,52.1755142140399,49.3664369558419,53.2046235345871
"0705DRY0318",89.6995535670703,69.8824307978497,64.7825520002349,74.788178788385
"0705DUC0222",52.5023482426692,56.3269130370771,51.6186448218159,53.4826353671874
"0705ITH0340B",46.8849660454993,57.5541635140181,44.3016872947134,49.5802722847436
"0705KEU0388",40.8837430789264,33.3745462462978,30.9287461827763,35.0623451693335
"0705PUN0378A",NA,NA,40.9129993647467,40.9129993647467
"0705SEN0369",52.3890212730614,42.4730649474144,39.1925436392767,44.6848766199175
"0705TAUXXX1",NA,NA,39.3686442500239,39.3686442500239
"0705TRE0347A",63.3937566183713,65.1396859421571,57.3796467407866,61.971029767105
"0705UWB0378B",NA,NA,39.1156553048578,39.1156553048578
"0705UWB5898",66.9051831350505,NA,55.7036729322883,61.3044280336694
"0705VAN0366A",67.4752178299212,NA,54.6132699319631,61.0442438809421
"0706OWA0212",48.1066312867707,42.0605813308137,37.6633917014807,42.6102014396884
"0707SKA0193",30.0871946446807,31.4372181421766,26.0946682356993,29.2063603408522
"0801BEL0423",34.7122803470094,40.762634628387,39.4934935147796,38.3228028300587
"0801BRA0689",50.2286155390188,42.9269608571586,34.795688079837,42.6504214920048
"0801BUG0789",37.3774523337235,36.004952211015,33.1197289081091,35.5007111509492
"0801CHI0776",34.6034496417472,40.762634628387,30.9178170210723,35.4279670970688
"0801COP0710",54.5116488646229,46.2310800771546,35.6728594105633,45.4718627841136
"0801CRY0595",31.0262379283231,29.1616465840187,28.4678729104827,29.5519191409415
"0801EFF0426",41.1623574696491,47.1590035848956,32.1973856564962,40.172915570347
"0801EIG0790",32.9867182028466,36.4167430649088,32.0945410943626,33.8326674540393
"0801ELM0425",39.3928195427733,44.1689969202925,30.9178170210723,38.1598778280461
"0801FIS0614",70.3077874721485,66.2075818208923,49.4263863447501,61.9805852125969
"0801FOR0944",35.2444440580186,51.5299941587605,36.150914240073,40.9751174856174
"0801FOU0782D",43.4942239673538,36.2427040593391,30.5769375287554,36.7712885184828
"0801FRA0451",65.0459594207701,49.3086828624497,37.6388309265851,50.6644910699349
"0801IND0647",57.3000643514023,47.9977795385052,31.1413873909209,45.4797437602761
"0801LIL0541",40.6671026922636,48.9696083947688,35.345118030025,41.6606097056858
"0801LIM0826",36.779894871055,34.8518898464566,27.2087529911735,32.946845902895
"0801LON0610",82.6304105660903,65.1396859421571,46.9833765935151,64.9178243672542
"0801LON0922",52.0301344176121,44.762080375402,37.5239628903236,44.7720592277792
"0801LSA0735",52.8851378390471,50.7508855002558,42.307840578279,48.647954639194
"0801MOS0478",42.9206690320105,49.3086828624497,31.3615443390469,41.196965411169
"0801NIC0804",45.8264292060392,48.3801869375071,34.9285493539945,43.0450551658469
"0801OTT0926",47.4834527697527,54.188414547663,41.6173919418393,47.7630864197517
"0801PAY0620",51.1257838950505,44.9081332924171,38.6581957175338,44.8973709683338
"0801PLE0395",45.903318760633,37.3962446228615,38.5959594207701,40.6318409347549
"0801ROU0907",50.8759185729597,44.6575182799391,40.9129993647467,45.4821454058819
"0801ROU5512",74.5020135519718,42.3653960303253,48.2565559885558,55.041321856951
"0801SAN0436",49.1907347881509,50.7508855002558,33.7704642398898,44.5706948427655
"0801SEC0782B",44.5764098449217,40.0450460772124,36.6222158899499,40.4145572706947
"0801SIX0787",35.5809040412187,36.2442347999308,27.7204899934421,33.1818762781972
"0801STI0493",42.8072714601935,44.2499553834996,34.5176592940784,40.5249620459238
"0801UWB0599",100.224284091899,68.6148311808885,68.9085045908296,79.2492066212058
"0801UWB0692",55.3907021555902,42.5788814164892,41.8928479094674,46.6208104938489
"0801UWB5460",64.088830926585,63.2154985744378,53.1471192873196,60.1504829294475
"0801UWB5515",25.2701451358074,NA,24.496432160902,24.8832886483547
"0801UWB5614",68.2372064113397,55.1514350702883,40.3384213634961,54.5756876150414
"0801WHE5670",53.2194415363176,55.7493900899391,53.7388602321449,54.2358972861339
"0801WOO0982",39.6260321730949,37.7711617380599,28.6141831137698,35.3371256749748
"0902ALL5147",46.4659825691623,58.5668440218811,45.9928118966719,50.3418794959051
"0902BAR0262",57.2863872333511,65.6736338815247,50.6101129196303,57.8567113448354
"0902BOY0085A",47.3726346773979,38.9813575229,29.9871715462686,38.7803879155221
"0902CHU0204",44.9226905668083,43.6964955734132,40.6859080572662,43.1016980658292
"0902DEE0073",40.9110125366493,55.9324798726767,42.9615232958726,46.6016719017329
"0902EAG0083",39.4256493589882,54.6332669859733,42.6505676072147,45.5698279840587
"0902HOR0078",52.6062959439016,55.216759067042,46.7298715346302,51.517642181858
"0902IND0051",NA,35.1107461380161,34.3146797694024,34.7127129537093
"0902LAM5101",51.633228627327,51.9359364958506,63.499545335226,55.6895701528012
"0902LCH0006",52.6344849355257,NA,40.9837345262797,46.8091097309027
"0902MOU0050",51.7468028553877,NA,49.100021364576,50.4234121099818
"0902OSG0202",54.962534996015,50.7508855002558,43.8577874721485,49.8570693228064
"0902RIC0178",47.3726346773979,47.3844954947303,43.2000838998939,45.9857380240074
"0902UCH0002",58.7941406304811,NA,34.5114151742595,46.6527779023703
"0902WOL0065",49.4661592593556,44.6575182799391,46.6088100795801,46.9108292062916
"0903BLA0029A",31.9743727927784,42.7955772293122,34.1355470310232,36.3018323510379
"0903EAT0248",32.0925686671309,38.0955241418084,26.8335653206678,32.340552709869
"0903HIG0007",51.633228627327,46.2310800771546,33.3958977259548,43.7534021434788
"0903HIT0144",42.7353988174799,NA,34.4916145045764,38.6135066610282
"0903HOR0143",36.5426211649229,45.1631841984195,39.2427045848745,40.316169982739
"0903LBR0316",NA,45.8782317917839,29.9469481595189,37.9125899756514
"0903LTU0120",38.3362344028201,38.6500785652821,28.7324674900781,35.2395934860601
"0903LWO0095",34.9784266548072,46.492072523592,35.0980970801775,38.8561987528589
"0903RAI0022A",39.314236242025,43.2389968307001,36.6136277359057,39.7222869362103
"0903SIM0180",40.3772436864535,43.6964955734132,37.2083511979666,40.4273634859445
"0903STA0035B",33.8177300099509,40.762634628387,34.6664045234528,36.4155897205969
"0904CED0290",NA,35.9683447157581,44.2205739021018,40.09445930893
"0904COO0347",57.3678170210723,47.9977795385052,35.8339784051883,47.0665249882553
"0904SIL0351",46.3354351586484,41.1086934318384,36.1642864525329,41.2028050143399
"0905MOO0071",65.4397671699691,54.0229199468201,50.9495817310863,56.8040896159585
"0905PAY0068",76.2683799623689,55.9009566109384,53.0434534980014,61.7375966904362
"0905SYL0088",26.4708383755164,33.4776797827422,23.7752818962154,27.9079333514913
"0905YEL0069",46.8214847885307,50.7508855002558,43.3910800696292,46.9878167861385
"0906BLA0001",66.2740980666174,53.2485139172447,59.1319020759714,59.5515046866112
"0906BON0024",40.1705109592155,38.5253844634264,33.8679562408255,37.5212838878225
"0906BUT0054",55.4753427064424,45.1642237965774,47.308051038776,49.3158725139319
"0906CLE0059",45.7023398975257,36.8079996818246,34.6664045234528,39.0589147009344
"0906GRA0051",33.6574467824203,42.9954580767809,43.9983880611646,40.2170976401219
"0906MIL0055",35.8828174682035,32.2125690372124,34.8634722789814,34.3196195947991
"0906OTH0009",27.2496035981597,34.6450234897825,31.6915554390697,31.1953941756706
"0906PLE0006",29.8603506949315,40.388327869316,38.0568312082973,36.1018365908483
"0906SIX0056",31.2115016221218,34.7442189617355,28.7860961232986,31.580605569052
"0906UWB5014",87.1703228349603,72.5618466409096,69.8520181060559,76.5280625273086
"1002ALI5018",51.7250446546783,61.0363746660075,45.1438106863151,52.6350766690003
"1002CHA0020",46.3544788565023,38.726729132319,33.5587228009568,39.5466435965927
"1003CLE0199",38.7815395893627,38.8365657331652,36.0991925381467,37.9057659535582
"1003COL0106",NA,46.7962505536934,32.6162483952374,39.7062494744654
"1003FLO0086",50.0633767381568,NA,38.6399014062197,44.3516390721883
"1003FRA5095",NA,50.7508855002558,45.6680417542377,48.2094636272468
"1003KUS0055",NA,41.9476856239817,40.1020226265309,41.0248541252563
"1003LSA0104",NA,46.2310800771546,33.9541609916003,40.0926205343775
"1003MEA5064",41.7049605568574,40.762634628387,37.6388309265851,40.0354753706098
"1003MOO0083",NA,43.6964955734132,30.6907257135918,37.1936106435025
"1003MSA0110",41.4354199988221,40.762634628387,37.6388309265851,39.9456285179314
"1003OSE0090",44.7615715721833,50.0117491281312,41.4655573879835,45.412959362766
"1003ROL0168",51.7993127865206,50.0162550699319,44.9497258321026,48.9217645628517
"1003UNI0074",51.6414666231109,51.0616420579729,44.7543253419748,49.1524780076862
"1003USA0114",50.3469396894727,42.7370871704639,38.5734012209046,43.8858093602804
"1003UWB0026",45.1347532121677,50.3765787411848,45.4229367030029,46.9780895521185
"1004AUG0213",57.9141248676446,44.6931774166907,47.1023572440892,49.9032198428082
"1004DAV0210C",51.4293740265516,NA,48.0117852573985,49.720579641975
"1004FER0222",50.9815600710874,42.7955772293122,36.3068076502958,43.3613149835652
"1004LCA0270",NA,NA,36.5332926429568,36.5332926429568
"1004LIN0315",38.8013548161769,39.2776076658449,31.5437990937777,36.5409205252665
"1004MIL0318",NA,44.6575182799391,41.573572874318,43.1155455771286
"1004MIR0250",27.7708606101846,35.5679326082867,33.0252328700923,32.1213420295212
"1004PLA0254",37.8130458768982,30.7859262834007,25.0849244740824,31.2279655447938
"1004RUS0316",NA,44.6575182799391,39.2427045848745,41.9501114324068
"1004UCA0271",41.2987365109976,NA,28.6147211638469,34.9567288374222
"1005BAR0338",NA,41.9476856239817,42.205206693052,42.0764461585169
"1005GLE0441",38.9277252795128,39.816826275946,33.9019108820945,37.5488208125178
"1005HAD0432",44.3231179870773,38.6994169498439,33.7976687868998,38.9400679079403
"1005PEN0351A",NA,55.1514350702883,62.3237500021575,58.7375925362229
"1005PUT0355",46.7937662862557,NA,33.4876828980546,40.1407245921552
"1005SUN0440",36.0886268721655,34.1813396822247,39.8701784103498,36.7133816549133
"1006CRA0380",NA,50.0117491281312,47.2035335416411,48.6076413348861
"1006GEO0367",21.7498999948576,29.597728722286,29.2070574629232,26.8515620600223
"1006JAB0394",NA,42.7955772293122,29.4983111711052,36.1469442002087
"1101BAL1090",72.5048273949641,53.2645791692944,54.9801001113255,60.249835558528
"1101DOR0098",46.0522357467603,45.1631841984195,30.225524080405,40.480314675195
"1101KEE0114",39.7029390220596,41.9476856239817,33.01134160303,38.2206554163571
"1101LON0030",64.4060675423411,47.2478314536068,46.3712221891295,52.6750403950258
"1101MOR0101",NA,NA,38.1935146961219,38.1935146961219
"1101ROU1089",59.9288987514907,53.8757153777469,55.1282570768714,56.310957068703
"1101SAR0027",51.5061581744437,42.7570617525621,45.7399279003064,46.6677159424374
"1101TRO0459",56.6518653384284,48.4042304082905,45.1893357444698,50.0818104970629
"1102BAB1109",37.2591935295421,39.7923728027572,39.4948961475154,38.8488208266049
"1102LAU1121",50.9764231945652,37.4386928796545,39.0539820465223,42.4896993735807
"1102SCH1115",75.1356563833427,57.9839841239626,55.6998314106926,62.939823972666
"1102TAC1129",33.4812218461937,39.5294966199969,29.9137007118891,34.3081397260266
"1102TOM1095",59.1807117739359,41.0613930476314,41.3584140354606,47.2001729523426
"1103COS0079",57.5748933751353,47.6707865788404,49.266919287944,51.5041997473066
"1103SUM0080",38.7465679825886,35.5778773018395,40.3974119742795,38.2406190862359
"1104ADI0587A",NA,NA,41.680785264108,41.680785264108
"1104ALG0276A",42.2099345509376,48.8108833352679,38.6855085760096,43.2354421540717
"1104BRA0347",37.792916226443,32.7046775874855,32.2759221383714,34.2578386507666
"1104CEN0593",56.5719918945568,52.4540666462086,42.7119093422903,50.5793226276852
"1104DEE0629",39.7794378752118,NA,24.1403646873488,31.9599012812803
"1104DUR0641A",50.1856041157065,54.7648287482849,39.9789275121557,48.309786792049
"1104EAG0438",29.5064003261376,32.6887185513003,30.8431878610406,31.0127689128261
"1104EFN0129",37.3842651983381,40.1540267986558,31.1856128413425,36.2413016127788
"1104FIF0626C",43.4033919310224,NA,29.2475222412001,36.3254570861113
"1104FOR0340",49.392770012317,46.8647097299813,39.8693482473079,45.3756093298687
"1104FOU0626B",39.0758837078886,NA,37.9188397246445,38.4973617162665
"1104FRI0365",42.8992969318061,38.9483716608023,33.0687315372817,38.3054667099634
"1104GAR0520",46.7165379116249,41.2028701522864,34.9681012189481,40.9625030942865
"1104GIL0281",61.4026468520867,44.1689969202925,37.6013113276061,47.7243183666618
"1104GOO0265",59.280825545267,53.6027434907756,42.7464585721998,51.8766758694141
"1104GOO0672A",49.7794104858422,49.7722987949254,39.6379895394602,46.3965662734093
"1104GRE0127",53.6058701689401,46.2573877650078,32.1479138230306,44.0037239189928
"1104HAR0680",35.7576654863996,NA,29.7448129001463,32.751239193273
"1104HEN0715",45.02911171404,NA,29.2475222412001,37.13831697762
"1104HUN0131",38.3884355646366,41.4082970593533,33.4706894881189,37.755807370703
"1104IND0597",47.6267081708405,36.6610933938906,36.7325012048491,40.3401009231934
"1104IRE0136A",49.071066051563,54.1572477921613,43.8577874721485,49.0287004386243
"1104JAC0151",47.3726346773979,47.3844954947303,37.2083511979666,43.9884937900316
"1104JEN0130",44.5040012465583,41.9828269012724,32.0526626902848,39.5131636127052
"1104KEN0258",41.2987365109976,40.388327869316,31.5783905306436,37.7551516369857
"1104KIN0588A",47.6405061573596,NA,35.0097540776162,41.3251301174879
"1104LEN0332",54.6483323524475,51.8538280115886,42.8103304440601,49.7708302693654
"1104LOO0367",49.4930412318475,44.5238407704094,36.6385390831751,43.5518070284773
"1104LUZ0318",39.0211250009885,38.682837112075,34.4167684132203,37.3735768420946
"1104MAS0613",47.3726346773979,44.6575182799391,38.4630552541571,43.497736070498
"1104MUD0630",55.3389247211451,NA,41.573572874318,48.4562487977316
"1104PAR0432",42.2759830931505,39.1268098374553,36.3434164671258,39.2487364659106
"1104PIN0655",50.2622089330407,NA,23.0161592593556,36.6391840961981
"1104PLE0313",42.5161601107888,38.2731975959485,32.0284573925048,37.605938366414
"1104ROC0645",62.8573057353638,60.9210394417287,41.5599076714983,55.1127509495303
"1104SAC0314",45.7123031206738,38.5084866582196,34.0862125307996,39.4356674365644
"1104SAN0225",38.7518251265019,NA,42.7112235247305,40.7315243256162
"1104SCH0374",30.0177766380359,40.3704698728793,36.0541981040893,35.4808148716682
"1104STE0126A",53.8400308499038,49.0852317206834,34.9875137310613,45.9709254338828
"1104STE0135",54.7964421357327,50.0117491281312,36.7693163630734,47.1925025423124
"1104THI0540",38.6797948214722,38.335552395063,32.35424358066,36.4565302657318
"1104THI0626A",35.4519296520779,NA,24.496432160902,29.9741809064899
"1104WAK0666",60.1377473159134,53.227247702569,42.6308759443026,51.9986236542616
"1104WHI0603",41.2987365109976,NA,30.9178170210723,36.108276766035
"1201ANN0496",49.1628690598089,62.4970627179672,53.6279797993572,55.0959705257111
"1201BOW0589C",59.8837952510532,47.9977795385052,47.7045268582017,51.8620338825867
"1201BRO0720",27.2918621703931,NA,31.7920240676653,29.5419431190292
"1201CAN0717",39.1354631420213,39.2032915609391,27.997249390599,35.4453346978531
"1201COL0519",70.2699623136737,51.5168343331773,52.6812853365129,58.156027327788
"1201COR0664",NA,38.9813575229,33.3958977259548,36.1886276244274
"1201ECA0697",41.2431893617845,41.0080532357207,36.9888729175725,39.7467051716926
"1201EST0723",51.633228627327,45.4228308627131,39.7399952438208,45.598684911287
"1201GAL0563",42.588611673638,42.249377436799,41.1508282178003,41.9962724427458
"1201HIN0690A",60.5855470310232,52.3536469021941,43.2958982058971,52.0783640463715
"1201HOU0770",29.3190538983506,40.2047585078632,31.3615443390469,33.6284522484203
"1201KLO0708",47.5962050472465,NA,29.9871715462686,38.7916882967575
"1201KYS0704A",53.6479299904374,50.2054447447477,44.4365954242012,49.4299900531288
"1201MAR0570",62.7562140406564,55.5641643508884,55.7925272747264,58.0376352220904
"1201NIN0719",33.585144322522,NA,27.3580946972997,30.4716195099109
"1201PEC0686",45.7513027627586,42.606142588742,31.6336525173564,39.9970326229524
"1201PLE0745",42.5953540048112,39.1528536167439,31.9863691685494,37.9115255967015
"1201SHAXXXX",55.639002510922,NA,56.5278972598603,56.0834498853911
"1201SPR0706A",40.4502565006669,48.3144955843227,38.8581484619497,42.5409668489798
"1201STEXXX1",69.0614307389118,52.3536469021941,50.9644001032149,57.4598259147736
"1201STO0503A",67.8617308335747,51.2399567858938,45.3614457327542,54.8210444507409
"1201STO0721",53.2194415363176,38.6500785652821,31.5783905306436,41.1493035440811
"1201SUG0472",92.7302747022941,80.2117997201524,81.7629568228205,84.9016770817557
"1201UWB0503",61.9001189976906,58.0865385752119,58.3612475813526,59.449301718085
"1201UWB0940A",52.8869216203148,38.432184985863,44.8643846229046,45.3944970763608
"1201WOO0690",68.5518370747704,45.6872419509218,35.6728594105633,49.9706461454185
"1202BEA0596",70.4322167551801,62.973363963317,55.8596819869785,63.0884209018252
"1202BLE0630A",NA,50.1565744677801,39.2427045848745,44.6996395263273
"1202ENG0589",61.2362086003593,53.6621857098142,51.3979216273682,55.4321053125139
"1202FAW0605B",69.601752370582,57.8738628983196,60.6592808902582,62.7116320530533
"1202MAL0615A",46.6329853723294,41.5417432868917,37.9188397246445,42.0311894612885
"1202MAY0643",68.1704693899527,70.4953522265197,67.3050259200332,68.6569491788352
"1202ROS0616",59.8727372406604,50.3262311966385,48.5403029257949,52.9130904543646
"1202SUM0629",65.5645825602566,51.9085670010966,51.1094565655644,56.1942020423059
"1202TUB0605C",68.6138885284003,54.5015795251022,63.4546803934142,62.1900494823056
"1202UBL0630B",44.9226905668083,43.6964955734132,38.4630552541571,42.3607471314595
"1202UWB0579",61.9667358690948,49.9734753532496,49.1305681327671,53.6902597850372
"1202UWB0579A",84.3115072503976,59.4108230721586,65.2244351881539,69.6489218369033
"1202UWB0589A",43.3775895757801,45.4144227321975,42.9147367763885,43.9022496947887
"1202WAR0609",28.8648563260699,29.9680151702685,28.885677327889,29.2395162747424
"1202WHI0605A",72.5479049603162,54.0874827945529,62.5200960743145,63.0518279430612
"1202WOO0605D",65.3612715041274,55.6623683825308,49.8265541041845,56.9500646636142
"1203DIA0822",NA,41.7432850337477,NA,41.7432850337477
"1203HIN0799",52.4747803225922,44.3532331030196,36.4494803826415,44.4258312694178
"1203JER0817",49.4661592593556,45.9565955876269,30.6907257135918,42.0378268535248
"1204MAD1051",33.0041745386152,42.7235767515541,43.8583067020231,39.8620193307308
"1301BAR0181",73.3192711431455,57.8710889753406,54.4818872995895,61.8907491393585
"1301BOG0200",75.8763863447501,44.4111874952316,46.4562160630337,55.5812633010052
"1301BOW0444",55.5699996505139,49.4520918848642,40.9637052511038,48.6619322621607
"1301BUC0303",61.4335877394884,59.4861974868413,63.5781492155885,61.4993114806394
"1301BUR0386C",46.8377476862958,39.8402677891284,38.6242583685341,41.7674246146528
"1301CAN0168A",NA,NA,37.4822942115515,37.4822942115515
"1301CHA0341A",NA,46.0510275210062,44.779745572767,45.4153865468866
"1301CHO0437",80.4400865383362,55.6183675278499,57.9155050555757,64.6579863739206
"1301COX6780",63.9467608118768,50.6295790243111,43.9610760190066,52.8458052850649
"1301CRO1033",72.4464219903718,49.2576077880154,56.9439250594359,59.5493182792744
"1301DUCXXX1",NA,NA,43.9493433352747,43.9493433352747
"1301DUN0425",NA,NA,39.9973590982725,39.9973590982725
"1301DYK0445",45.4985202498443,40.762634628387,40.3384213634961,42.1998587472425
"1301ESO0434",79.788750014471,55.1514350702883,55.744008622924,63.5613979025611
"1301FOR0441",51.5883673049812,44.8530892483552,37.1534115420419,44.5316226984594
"1301GLA0394",40.5612446709184,40.3725728184808,36.4967186090361,39.1435120328118
"1301HAM0297",66.1263521546437,52.0844984601463,61.4690542365415,59.8933016171105
"1301HAR1036",89.7817334849072,66.8056694143902,87.3227581004392,81.3033869999122
"1301IND0167",31.8836309114882,37.6631645451366,41.522634421814,37.0231432928129
"1301LAW0207",88.053547733653,57.6351782329527,53.0014745340674,66.2300668335577
"1301LON0428",59.46134160303,NA,42.9464584612536,51.2039000321418
"1301MIL0426",NA,NA,36.7833755160495,36.7833755160495
"1301MIR0433",74.8413233246268,50.0117491281312,50.3921027732013,58.4150584086531
"1301MOH0179",84.809443141312,62.6546741474954,71.6237405526367,73.0292859471481
"1301MORXXX1",NA,93.1802511900442,84.445527744235,88.8128894671396
"1301OLA0963",NA,NA,48.4067160460974,48.4067160460974
"1301ORA0340",74.2183809690334,63.9574000256096,59.3414641898391,65.8390817281607
"1301PEE0171",64.7124232795556,52.7463693475298,54.0651336095483,57.1746420788779
"1301POC0030",89.7839323581454,52.0786339551371,55.8522948519998,65.9049537217608
"1301POP0191",67.6970683595865,48.6383294371509,48.6571373029798,54.9975116999057
"1301PUD5194",57.7018860159121,53.0754861785222,46.8512509603003,52.5428743849115
"1301REN0336",76.7836037071705,51.1304424191199,52.1297313264777,60.0145924842561
"1301ROA0183B",45.3027716294918,46.8085118497914,41.2733472325989,44.4615435706274
"1301SEC0427",NA,NA,44.242514559622,44.242514559622
"1301SEP0826",51.2919136242411,44.0962241580028,45.5029087469084,46.9636821763841
"1301SHA0424",57.3678170210723,NA,45.546628679254,51.4572228501632
"1301SLE6666",53.1764633667523,55.8787259265997,48.2218201397108,52.4256698110209
"1301SNY0377",46.1490501029975,41.1961909518391,46.6631178550842,44.6694529699736
"1301STI0187A",68.2372064113397,45.6872419509218,45.7488262792495,53.2244248805037
"1301SWA0030A",NA,NA,80.8541311818325,80.8541311818325
"1301TAR0015A",88.8501138169849,61.5182450306293,59.0740819946545,69.8141469474229
"1301THE1027",NA,67.3609972384679,99.4178956849783,83.3894464617231
"1301THE1029",102.563596553986,85.2647496501905,94.719826076885,94.1827240936872
"1301THE1034",NA,69.9882508718688,83.1206044188524,76.5544276453606
"1301TIV0309",57.8739609008597,50.0916126796189,54.0127952057548,53.9927895954111
"1301UWB0168G",NA,NA,35.0097540776162,35.0097540776162
"1301UWB0420B",57.1178186396721,50.8207980174601,64.5820328041704,57.5068831537675
"1301UWB1031",NA,60,93.1759956182659,76.587997809133
"1301UWB5186",35.2509594809978,68.6148311808885,59.3131033334253,54.3929646651039
"1301VAN1043",65.2968201267994,59.6136811134291,68.9671999726818,64.6259004043034
"1301VLY0262A",49.6788016306272,46.9868032628491,44.2823150887355,46.9826399940706
"1301WELXXX1",NA,NA,77.7777337336464,77.7777337336464
"1301WHI0429",NA,NA,45.3900488298225,45.3900488298225
"1302BAR0071",45.7421067132202,39.3816179485126,42.4351785393815,42.5196344003714
"1302BLU0122A",44.7287319738149,45.7031844983039,47.1220116925225,45.8513093882138
"1302CAR0062A",74.6131370860248,55.5658986047424,58.9170196128352,63.0320184345341
"1302CAS0059B",NA,66.5571225948585,60.9194909647874,63.7383067798229
"1302CHI0075",38.6741783989947,36.3016755478547,41.941628146344,38.9724940310645
"1302HOW0127",80.4486196660269,59.0749198577263,66.6846823602784,68.7360739613439
"1302KAT0107A",78.4656342353091,63.607551284969,69.2996153832637,70.4576003011806
"1302KIR0052",65.0640662454518,50.358780378259,48.8988999961773,54.7739155399627
"1302LIN0057A",78.1868951658721,60.7724767231277,63.9208742025085,67.6267486971694
"1302OSC0118",56.3927662980586,45.4382712928653,46.0750193832412,49.3020189913884
"1302PAL0061A",27.6348627152688,57.1300944477398,64.2486048685349,49.6711873438478
"1302PEA0093",64.0747908255195,53.6982944273898,52.2228703044738,56.6653185191277
"1302PUT0093B",77.5150756470757,56.6120155523678,61.6036087406084,65.243566646684
"1302RIP0119",63.9724077551137,49.088000471621,49.1098261385711,54.0567447884353
"1302SHA0128J",68.6134064776402,52.9588618785687,57.2968087763211,59.6230257108433
"1302SHE0050A",64.5816343633019,57.5809715534031,66.8563341181892,63.0063133449647
"1302TON0085",52.7305811611543,44.1689969202925,40.2207064240794,45.7067615018421
"1302TRU0115A",74.2101257802915,58.6902358440191,61.9332495347779,64.9445370530295
"1302UWB0044H",60.6050335794348,52.7633188516357,53.1235326022572,55.4972950111092
"1302UWB0128A",69.226584085516,51.7084921338159,57.1961197947053,59.3770653380124
"1302WAC0117",58.8144185918357,46.1193274602379,55.0144489206241,53.3160649908992
"1302WHI0079",51.6489891668271,43.7177516092745,39.8716556692216,45.0794654817744
"1303BEA0234",78.7270108370512,57.851687661708,63.0789387336385,66.5525457441326
"1303BRO0226A",78.1605625785023,57.7876904364768,59.2939172259935,65.0807234136576
"1303GOSXXX1",71.5395114437942,61.6628143585117,50.7997783794875,61.3340347272645
"1303ORA0239D",87.0976332118641,65.1396859421571,59.0740819946545,70.4371337162252
"1303TOM0240D",92.6091295456327,58.972537804309,70.9533719212482,74.17834642373
"1303UWB0320B",NA,NA,55.7036729322883,55.7036729322883
"1303WAS0225",58.938478417739,50.9168520901437,53.2539177332197,54.3697494137008
"1304BEA0345A",37.8211796516981,41.9432832850877,35.9076716215928,38.5573781861262
"1304FUR0356",85.4599930002692,54.6457691518079,65.8994148372279,68.6683923297683
"1304NUC5222",55.6468367760107,48.6383294371509,38.5959594207701,47.6270418779772
"1304UWB0345P",NA,NA,31.5783905306436,31.5783905306436
"1305STI0409",25.8912582421712,49.2194148952515,47.4730541842688,40.8612424405638
"1305WAP0365",48.0396853090739,59.5037035526214,60.5459560086592,56.0297816234515
"1306AWO0781",-0.58790983192435,NA,29.2815878751967,14.3468390216362
"1306BIN0735",64.7789147519665,55.7589807809862,59.834272365154,60.1240559660356
"1306GLE0668",55.5201063412822,51.23417214407,47.156232628957,51.3035037047697
"1306HIG0492",51.5868889626003,49.7927613432772,44.5062928050123,48.6286477036299
"1306KINXXX1",NA,58.6265803090197,66.8623893761897,62.7444848426047
"1306MIL0515",112.159401912022,61.4787211880997,66.8685609290705,80.1688946763975
"1306MIN0775",33.200381638925,NA,33.4542186411724,33.3273001400487
"1306MON0598",60.6402445665275,53.452979354134,48.35357865673,54.1489341924638
"1306SHA0491",67.4972897267191,51.2955660411248,47.6986234515957,55.4971597398132
"1306SIL0807",76.6066689719966,63.7662662511768,69.5565259552446,69.9764870594726
"1306STU0453A",54.7251925823184,56.7409265095551,74.4687806977361,61.9782999298698
"1306TIL0464A",NA,NA,46.0459516173591,46.0459516173591
"1306ULS0799",52.4125283601648,55.5005373919915,50.8247433439552,52.9126030320372
"1306UWB0464B",80.4044688951647,64.5353998991385,73.0626291643946,72.6674993195659
"1306UWB6107",94.5779571255163,67.1221150029077,65.9412479606889,75.8804400297043
"1306WIC0698",70.5807293746977,45.9565955876269,55.5819844464149,57.3731031362465
"1308LONXXX1",52.8587065647342,47.0212753334375,45.6747233130015,48.5182350703911
"1308LRH0888",52.6058694040966,45.2224853704962,46.0032329385401,47.9438625710443
"1308ORE0899",NA,NA,37.2083511979666,37.2083511979666
"1308ROB0902",64.5430542863023,49.8618036194606,50.8296178224357,55.0781585760662
"1308WEE0896A",NA,NA,50.2748663550808,50.2748663550808
"1308WILXXX1A",NA,49.8151036511816,46.3275784216076,48.0713410363946
"1309BAS0950A",73.5958957381743,56.2734844781001,52.3217594917648,60.7303799026797
"1309GRE0924",62.7257635048287,NA,43.2000838998939,52.9629237023613
"1309HOL0913",65.0459594207701,50.2508315095299,53.2228112852239,56.173200738508
"1310COP0108",50.2124905566705,36.7146328668882,41.207498732021,42.7115407185266
"1310KIN0024",71.6633035166703,54.2304434297181,49.1265017563701,58.3400829009195
"1310NAS0034",84.6855718775634,63.5642486080349,59.7004724040738,69.3167642965574
"1310QUE0057",35.4213447912874,35.6357478491587,35.3556132183523,35.4709019529328
"1310ROU0080",36.4847752056441,47.0386707823116,37.6852219956828,40.4028893278795
"1310SPR0081",34.7878196896268,46.5451877936782,35.5863558570218,38.9731211134423
"1310SUT0052",94.0389914367825,67.2917863652484,70.097170013782,77.1426492719376
"1311DUA0276A",74.2186538779986,57.1551140141047,55.7524028109659,62.3753902343564
"1311THO0274",NA,NA,35.0386359450928,35.0386359450928
"1401ANA0251",37.2522932317629,35.4100988332767,30.8156120772238,34.4926680474212
"1401BLA0103",63.8905280376288,55.7140648359098,49.5534966268071,56.3860298334486
"1401BOD0185",72.2689006053563,56.9804134401957,54.2659414989831,61.1717518481784
"1401BUR0082",41.0214202719975,48.6383294371509,40.7999007457587,43.4865501516357
"1401CLI0100",59.3079673568318,47.3480349739409,44.6504507925282,50.4354843744337
"1401DEV0174",43.5670223867361,41.6951572715966,34.0791274840792,39.7804357141373
"1401HIG0179",66.1899952438208,56.2193309490235,42.6114307389118,55.006918977252
"1401HUN0216",73.1102702914104,51.5498017469669,47.5902186479381,57.4167635621052
"1401IND0102",44.9226905668083,47.3844954947303,44.6615868671272,45.6562576428886
"1401KEN0232",75.4555755640665,55.0068805613723,56.63936675615,62.3672742938629
"1401MON0186",53.1722136938133,44.4392973948243,41.0419006651914,46.217803917943
"1401SAC0111",67.1157392660148,48.1097415320485,48.3954989608336,54.540326586299
"1401SAN0176",NA,38.3262447124539,29.2475222412001,33.786883476827
"1401SAN0267",58.2872135572619,48.1361911651023,40.9500020910842,49.1244689378161
"1401SOM0268",36.8071774017212,37.6496543554474,36.8399765667474,37.098936107972
"1401STU0245",51.6074774494986,56.4741313093872,56.9990342639349,55.0268810076069
"1401SUP0104",71.2996195074279,52.2084926441971,45.932924908792,56.4803456868057
"1401SWA0128",67.4751511637951,59.4288559461669,62.7493747157579,63.2177939419066
"1401SWA0211",66.0672710988095,45.6872419509218,54.2604694598966,55.3383275032093
"1401SWI0108A",63.9003599279631,49.49067876145,45.564399265395,52.985145984936
"1401WHI0117",68.7864540424937,45.6907925812892,39.8890208501466,51.4554224913099
"1401YOR0203",58.4525387553183,38.9813575229,38.5959594207701,45.3432852329961
"1402ECH0047",63.2146238799921,50.3765787411848,43.2958982058971,52.2957002756913
"1402EVE0050A",116.348145866241,86.521417275465,88.8881464632507,97.2525698683188
"1402GUY0014",51.7582853976575,48.4668591846307,50.0098953745908,50.078346652293
"1402KIA0044",67.9973234122559,54.2095009242072,49.7426517638549,57.3164920334394
"1402MAR0008",49.736421521052,47.3844954947303,45.0049364212906,47.3752844790243
"1402MOR0050",86.897479132927,68.24736828898,65.711223032517,73.6186901514747
"1402PLE0045",62.0000922086698,52.8746603936547,48.6098372943002,54.4948632988749
"1402SAN0009",41.2299058313843,38.6500785652821,35.0097540776162,38.2965794914275
"1402WOL0037",56.0624552558491,48.8512750282207,46.8503335883164,50.5880212907954
"1402YAN0021",44.4416288278246,44.8519594358634,42.6722564597516,43.9886149078132
"1403ALD0346",59.5196828828818,47.9977795385052,40.4551831350505,49.3242151854792
"1403BEA5572",57.2774092014163,NA,42.409749129636,49.8435791655262
"1403BIG0345",52.3527429512325,38.3262447124539,36.3068076502958,42.3285984379941
"1403LAU0352",58.5150985063701,56.7845014255622,47.8445279579125,54.3813759632816
"1403LIL0311",58.4525387553183,50.0117491281312,42.307840578279,50.2573761539095
"1403LIT0344",62.4115898574824,41.3429815149647,42.7112235247305,48.8219316323925
"1403MON0328",49.4661592593556,48.3144955843227,NA,48.8903274218391
"1403SHA0299",58.4525387553183,48.3144955843227,46.9092376127191,51.22542398412
"1403TEN0281",61.4597540776162,46.2310800771546,38.3289147519665,48.6732496355791
"1403TRO0317A",58.4525387553183,48.6383294371509,43.2000838998939,50.0969840307877
"1404BEA0401",67.9805431860837,52.5490499842311,51.6607817178333,57.3967916293827
"1404DEE0389",60.0337647868466,57.276784811628,55.3188860048682,57.5431452011142
"1404LAU0382",62.7781998314617,52.466034313979,46.7756760615887,54.0066367356765
"1404OQU0383",28.3756048571761,29.6127723118808,28.3983666950387,28.7955812880318
"1404PAG0387",NA,41.1469240688409,38.0568312082973,39.6018776385691
"1404PAG0391",56.2514307630045,44.379529665576,38.7281314301889,46.4530306195898
"1404RUS0410",65.7714008847483,53.6979615082371,50.1572370135591,56.5421998021815
"1501CON0984",98.1169597620412,80.2706242142561,79.6787931940916,86.022125723463
"1501CRA1015",67.8067266827213,51.5299941587605,41.3567266827213,53.5644825080677
"1501FOR1016",43.6970884377508,33.0273306308481,31.3615443390469,36.0286544692152
"1501FOU6903",96.7866458702654,68.6148311808885,74.505174562128,79.968883871094
"1501LUC0982B",77.5598076575645,63.4500104566944,65.9603273180912,68.99004847745
"1501ROC0985",NA,NA,63.7921036161078,63.7921036161078
"1501ROU1021",NA,44.5584800894025,44.6615868671272,44.6100334782648
"1501SKA1003D",NA,NA,29.2475222412001,29.2475222412001
"1501STA1011",NA,NA,32.8151481003857,32.8151481003857
"1501STE1021C",59.2848880076435,45.4228308627131,41.9977210989927,48.9018133231165
"1501STE1025",28.3579077010415,31.1586731969721,43.2000838998939,34.2388882659692
"1501TUX1007",51.5912161979062,43.6075132969734,44.4220558802521,46.5402617917106
"1501UWB1006",66.7860824809247,51.2515002462708,53.1542723654906,57.063951697562
"1501WEE1005",65.9719413064597,50.5470090609147,50.9600971563958,55.8263491745901
"1601GRE1117",53.980104689177,47.2054869815511,40.4551831350505,47.2135916019262
"1601RUD1134",NA,NA,45.42647528583,45.42647528583
"1601UWB1134A",NA,NA,64.7385584214243,64.7385584214243
"1701AGA0815",NA,68.3024900518228,NA,68.3024900518228
"1701ART0863",56.5543732905664,51.9766141175307,NA,54.2654937040486
"1701AVO0961",NA,51.9359364958506,61.099176954278,56.5175567250643
"1701BEL0949",NA,NA,47.0859816281942,47.0859816281942
"1701BLA0788",85.8545665157102,75.6138667909408,67.703108347478,76.3905138847097
"1701CAN0889",NA,52.783828101181,NA,52.783828101181
"1701CAR0987A",80.8376051130215,72.6323748250952,NA,76.7349899690583
"1701DEE0615",57.7018860159121,44.6575182799391,32.4145667859616,44.9246570272709
"1701DON0565A",NA,79.9765017437376,70.542126867138,75.2593143054378
"1701EME0989",49.4661592593556,54.1572477921613,NA,51.8117035257585
"1701FOR0985",85.9649023475955,56.2193309490235,49.0468907588136,63.7437080184775
"1701FRE0458",59.9453963141091,50.0249938683358,50.256059809882,53.408816664109
"1701FRE0661",51.0753952839946,47.2975447019869,38.3166697157909,45.5632032339241
"1701FRE0753",NA,53.227247702569,64.1885298825323,58.7078887925506
"1701GIB0306",54.6483323524475,68.6148311808885,NA,61.631581766668
"1701GRE0885",NA,53.8718919328234,43.5795794858304,48.7257357093269
"1701HAL0362",NA,NA,59.7608784610795,59.7608784610795
"1701HAL1008",71.6148821749449,71.5661654068912,NA,71.590523790918
"1701HEM1012",NA,NA,36.150914240073,36.150914240073
"1701KNA0912",60.5855470310232,60,55.0424682814542,58.5426717708258
"1701LAU0496",54.6483323524475,45.1631841984195,46.2434902860889,48.6850022789853
"1701LFR0662",57.8183094317673,52.7134794702607,51.0440240908094,53.8586043309458
"1701LIL0779",47.2048565962135,59.5927066373385,49.8727110493104,52.2234247609541
"1701LLO0708",37.2360604086213,44.9188833176856,48.10853780282,43.421160509709
"1701LOF0998",70.8440643209407,65.6222335131235,NA,68.2331489170321
"1701LON0702",49.2498466472469,55.9159210324225,50.8400269746891,52.0019315514528
"1701LOW0855",NA,56.2193309490235,59.1060199922066,57.662675470615
"1701MAI0907",NA,63.2154985744378,52.5564565102796,57.8859775423587
"1701MAR0495",100.224284091899,69.9499770969873,96.4124387471759,88.8622333120208
"1701MAS0969",57.4052231761305,53.227247702569,47.3877368032233,52.6734025606409
"1701MIL0793",NA,85.2647496501905,NA,85.2647496501905
"1701PEC0555",57.9464315338015,53.9377557595617,55.9605276057717,55.9482382997116
"1701PECXXX1",NA,60,67.5357482993701,63.7678741496851
"1701PRO0009",103.776250879889,72.3477742548575,92.2025232138904,89.4421827828791
"1701REE0763",NA,71.5064959024981,51.835306245593,61.6709010740455
"1701RON0304",70.5807293746977,51.5299941587605,NA,61.0553617667291
"1701SMI0991",55.8727000266975,57.3727463665991,52.8877643900306,55.3777369277757
"1701SMI1005",52.6745205581914,63.680498619234,51.1567676778871,55.8372622851041
"1701TAR0606",54.6483323524475,49.3086828624497,33.7704642398898,45.9091598182623
"1701UPP0856",49.6271069995012,51.2992608415202,43.2341459400186,48.05350459368
"1701UWB0814",NA,79.2968321796163,NA,79.2968321796163
"1701UWB0943",39.1832306039685,61.6077492872189,47.7363674531851,49.5091157814575
"1701UWB5117",64.7789147519665,NA,79.8877828324324,72.3333487921995
"1701WES0890",62.1713844142908,60,41.0252178299212,54.3988674147373
"1702ALLXXX1",NA,73.2037494463066,68.1790617271451,70.6914055867258
"1702BEA0150A",75.2691594756853,71.5064959024981,NA,73.3878276890917
"1702BRY1106",NA,40.5742659330014,35.9933170429988,38.2837914880001
"1702CLA1061X",NA,NA,84.8257380938585,84.8257380938585
"1702CLO1074",NA,75.1279368140259,68.5152074844281,71.821572149227
"1702FRE0209",NA,NA,62.0375121815323,62.0375121815323
"1702GLE1070",NA,66.2075818208923,78.8713187952119,72.5394503080521
"1702GOO1061Y",NA,NA,93.9081325501507,93.9081325501507
"1702GRA1055",85.2659990430767,63.2154985744378,52.2003890367264,66.8939622180803
"1702IND5821",NA,77.3492481103367,92.9641555020537,85.1567018061952
"1702KIS0076",98.5190638073304,72.6076144977126,72.5319149540985,81.2195310863805
"1702MEA0100A",104.384532172018,80.5031242366542,80.0181717008199,88.301942703164
"1702MIL0296",56.6001645583067,62.1501070952722,63.6386845728922,60.796318742157
"1702NEW0292",50.662285035938,60,40.7999007457587,50.4873952605656
"1702OAK0107",NA,52.3536469021941,51.7292763561111,52.0414616291526
"1702OHR1069B",NA,46.5108946943555,47.2035335416411,46.8572141179983
"1702PAI1082",NA,63.2154985744378,67.0290964352132,65.1222975048255
"1702PEL1072",NA,60,68.6145419759787,64.3072709879893
"1702SHE1087",NA,73.2037494463066,66.0972231516472,69.6504862989769
"1702SIL1094",78.9841070153319,69.9499770969873,68.4120520011925,72.4487120378372
"1702UWB0105",NA,77.3492481103367,63.6632778323502,70.5062629713435
"1702UWB0340A",NA,55.1514350702883,56.8298978267087,55.9906664484985
"1702UWB5331",94.3543867556677,79.9765017437376,93.6272087486151,89.3193657493402
"1702VAI0291A",NA,NA,36.4610337193593,36.4610337193593
"1702WAM1104",58.5675230162108,47.0411712435554,78.1448871117464,61.2511937905042
"1702WIL0100B",102.076422569726,77.7735614962889,75.375853972017,85.0752793460105
"1702WIL0289",NA,NA,37.3532770409741,37.3532770409741
"1702WIL1063A",NA,77.3492481103367,78.37687035565,77.8630592329934
