LAKE_ID,WATER,yrs,in2018,anthro,natural,Open.Water,Developed.Open.Space,Developed.Low.Intensity,Developed.Medium.Intensity,Developed.High.Intensity,Barren.Land,Deciduous.Forest,Evergreen.Forest,Mixed.Forest,Scrub_Shrub,Grassland_Herbaceous,Pasture_Hay,Cultivated.Crops,Woody.Wetlands,Emergent.Herbaceous.Wetland,Lake..Wetlands,Agricultural,Forest.shrub.grasses,Residential,Urban
0602GOR0136,Gorton Lake,19,0,0,1,0.100361664,0,0,0,0,0,0.724231465,0.06238698,0.033453888,0.03164557,0.002712477,0,0,0.037974684,0.007233273,0.14556962,0,0.85443038,0,0
0801TWI0584,Twitchell Lake,6,0,0,1,0.120652945,0,0,0,0,0,0.563283653,0.186538916,0.095221197,0.024485451,0,0,0,0.001419446,0.008398391,0.130470783,0,0.869529217,0,0
0903JOE0031,Joe Indian Pond,5,0,0,1,0.034061465,0,0,0,0,0.000606776,0.497556496,0.297664732,0.025484601,0.024172652,0.002197514,0,0,0.104381908,0.013873856,0.152317229,0,0.847075995,0,0
1401CRY0260,Crystal Lake,5,0,0,1,0.15862069,0,0,0,0,0,0.798029557,0.007881773,0.03546798,0,0,0,0,0,0,0.15862069,0,0.84137931,0,0
0801CHA0597,Chase Lake,7,0,0.00044401,0.99955599,0.070597638,0.00044401,0,0,0,0,0.136133558,0.542047776,0.070775242,0.135867152,0,0,0,0.039428115,0.004706509,0.114732262,0,0.884823728,0.00044401,0
0801EFF0426,Effley Falls Pond,15,0,0.000837334,0.999162666,0.089574011,0.000390295,0,1.94E-05,0,0.00829307,0.540762957,0.153216955,0.088100026,0.054504236,0.001421392,0.000404135,2.35E-05,0.051381878,0.01190814,0.152864029,0.000427663,0.838005567,0.000409671,0
1104GAR0520,Garnet Lake,7,0,0.000982962,0.999017038,0.085599607,0.000982962,0,0,0,0,0.573681193,0.192128113,0.090186763,0.028874509,0,0,0,0.02633519,0.002211664,0.114146461,0,0.884870577,0.000982962,0
0903EAG0080,Eagle Crag Lake,13,0,0.00210084,0.99789916,0.178804855,0.00210084,0,0,0,0,0.72875817,0.036414566,0.018207283,0.028944911,0,0,0,0.003501401,0.003267974,0.18557423,0,0.81232493,0.00210084,0
0801RON0739,Lake Rondaxe,4,0,0.002764628,0.997235372,0.096856656,0.002632077,6.31E-05,0,0,0,0.415110774,0.2334217,0.148620842,0.064350186,8.84E-05,0,6.94E-05,0.0318879,0.006898946,0.135643502,6.94E-05,0.86159187,0.002695197,0
1402WOL0037,Wolf Lake,17,0,0.002881844,0.997118156,0.25004238,0.002881844,0,0,0,0,0.549923716,0.016612985,0.174097305,0,0,0,0,0.00644177,0,0.25648415,0,0.740634006,0.002881844,0
1302UWB0089F,Gossamans Pond,3,0,0.003921569,0.996078431,0.009803922,0.001960784,0.001960784,0,0,0,0.98627451,0,0,0,0,0,0,0,0,0.009803922,0,0.98627451,0.003921569,0
1104EFN0129,Efner Lake,10,0,0.010163911,0.989836089,0.104716914,0.010163911,0,0,0,0,0.336625868,0.338558442,0.164984611,0.007372414,0.001002076,0,0,0.036575764,0,0.141292678,0,0.848543411,0.010163911,0
0903GUL0087,Gull Pond,5,0,0.011150235,0.988849765,0.161384977,0.011150235,0,0,0,0,0.749413146,0.045839854,0.010367762,0.005803339,0,0,0,0.014280125,0.001760563,0.177425665,0,0.8114241,0.011150235,0
1201LIL0716,Lily Lake,5,0,0.013298341,0.986701659,0.077132053,0.011738762,0.001098413,0.000209621,0,0,0.538934959,0.078155002,0.158104358,0.028315571,0.00100618,0.000251545,0,0.094228721,0.010824816,0.18218559,0.000251545,0.80451607,0.013046796,0
0801KAY0984A,Kayuta Lake,5,0,0.013678326,0.986321674,0.025271541,0.000810214,0.000438469,0.000104851,0,0,0.557229734,0.148517069,0.093179424,0.055456794,0.002606984,0.010647171,0.00167762,0.096811091,0.007249036,0.129331668,0.012324791,0.856990006,0.001353535,0
0902SPI0264,Spitfire Lake,7,0,0.013996222,0.986003778,0.246178946,0.013996222,0,0,0,0,0.465224111,0.199038296,0.039198008,0.01154903,0,0,0,0.008586639,0.016228748,0.270994333,0,0.715009445,0.013996222,0
1101MOR0101,Moreau Lake,8,0,0.014114628,0.985885372,0.117408041,0.00427716,0,0,0,0.001283148,0.399272883,0.281864842,0.143498717,0,0,0,0.009837468,0.041488452,0.00106929,0.159965783,0.009837468,0.824636441,0.00427716,0
0902MOU0050,Mountain View Lake,6,0,0.014650404,0.985349596,0.049675593,0.014395815,0.000162011,9.26E-05,0,0.000601754,0.609546293,0.14510766,0.025898581,0.036737874,0.004590306,0,0,0.109804738,0.003386797,0.162867128,0,0.821880714,0.014650404,0
0902UCH0002,Upper Chateaugay Lake,5,0,0.015465697,0.984534303,0.056487258,0.012093889,0.001448067,0.000900833,0.000311503,0.002875087,0.523707894,0.207069431,0.091080915,0.039215686,0.003430741,0.000576701,0.000134704,0.055918976,0.004748314,0.117154548,0.000711405,0.864504668,0.014442789,0.000311503
0902USA0265,Upper Saint Regis Lake,7,0,0.016269901,0.983730099,0.222787842,0.016269901,0,0,0,0,0.481010131,0.200529021,0.037730199,0.013025902,0,0,0,0.009781903,0.0188651,0.251434846,0,0.732295254,0.016269901,0
1005BAR0338,Bartlett Pond,4,0,0.018460524,0.981539476,0.059337399,0.016482611,0.000824131,0.000576891,0.000576891,0,0.360474699,0.338882479,0.183616285,0.008818197,0.003214109,0,0,0.026866656,0.000329652,0.086533707,0,0.895005769,0.017883633,0.000576891
1003USA0114,Upper Saranac Lake,6,0,0.01967671,0.98032329,0.234668926,0.018193058,0.000604451,0.000508288,0,0,0.332420551,0.317945783,0.057477791,0.019869036,0.002367433,0.000370913,0,0.012331715,0.003242055,0.250242696,0.000370913,0.730080593,0.019305797,0
1104KELXXX1,Kellum Lake,5,0,0.020733406,0.979266594,0.067460931,0.020733406,0,0,0,0,0.199907164,0.346742999,0.299396565,0.003094538,0,0,0,0.062664397,0,0.130125329,0,0.849141266,0.020733406,0
0601ARN0362,Arnold Lake,6,0,0.020948181,0.979051819,0.340683572,0.020948181,0,0,0,0,0.465270121,0.054024256,0.11907387,0,0,0,0,0,0,0.340683572,0,0.638368247,0.020948181,0
0903LWO0095,Little Wolf Pond,3,0,0.02182887,0.97817113,0.190482481,0.018460421,0.001981441,0.000198144,0,0.000561408,0.528119943,0.191076913,0.020540933,0.018064133,0,0,0.001188864,0.022918662,0.006406658,0.2198078,0.001188864,0.757801922,0.020640005,0
1104BRA0347,Brant Lake,10,0,0.022881734,0.977118266,0.079919879,0.020266429,0.001215811,0.000341127,0,0.000393608,0.421527723,0.324848898,0.102373018,0.003113875,0.004653319,0.00052481,0.000533557,0.037996274,0.002291672,0.120207825,0.001058368,0.856516833,0.021823366,0
1201MOU0691,Mountain Lake,4,0,0.027797081,0.972202919,0.138985407,0.027797081,0,0,0,0,0.307157748,0.343988881,0.144544823,0,0,0,0,0.03752606,0,0.176511466,0,0.795691452,0.027797081,0
1104WIN0529A,Windover Lake,5,0,0.028077369,0.971922631,0.012478831,0.026160977,0.000713076,0.000401105,0,0,0.627685177,0.205499599,0.093724931,0.001827257,0.001470719,0,0.000802211,0.020099831,0.009136287,0.041714948,0.000802211,0.930207683,0.027275158,0
1003SIL0073,Silver Lake,5,0,0.030877193,0.969122807,0.234641148,0.028197767,0.000318979,0,0,0,0.444082935,0.174545455,0.086570973,0.011036683,0.002551834,0,0.002360447,0.014098884,0.001594896,0.250334928,0.002360447,0.718787879,0.028516746,0
1003CLE0199,Lake Clear,14,0,0.032422345,0.967577655,0.170557348,0.029259189,0.002340735,0.00082242,0,0,0.330676283,0.311634086,0.083127728,0.044473967,0.007876257,0,0,0.016954514,0.002277472,0.189789334,0,0.777788322,0.032422345,0
1104PLE0313,Lake Pleasant,3,0,0.034449731,0.965550269,0.167511686,0.028265645,0.00294629,0.00169698,0.000520546,0,0.52554319,0.131791823,0.078831478,0.020655263,0.000812052,0.000166575,0.000853695,0.028359343,0.012045433,0.207916463,0.00102027,0.757633806,0.032908915,0.000520546
1104LUZ0318,Lake Luzerne,6,0,0.047889125,0.952110875,0.022183233,0.040408574,0.003101028,0.001060878,2.72E-05,0,0.311068495,0.335523094,0.219356945,0.019952669,0.003073826,0,0.003291442,0.038735651,0.002216963,0.063135847,0.003291442,0.888975029,0.04457048,2.72E-05
1306HIG0492,Highland Lake,5,0,0.047941889,0.952058111,0.250847458,0.007748184,0,0,0,0,0.407748184,0.075060533,0.203389831,0,0,0.040193705,0,0.015012107,0,0.265859564,0.040193705,0.686198547,0.007748184,0
0902HOR0078,Horseshoe Pond,16,0,0.049229538,0.950770462,0.050880528,0.038172904,0.007954773,0.00080048,0.00040024,0.00090054,0.576495898,0.177806684,0.021963178,0.02771663,0.002251351,0.001901141,0,0.090354213,0.002401441,0.143636182,0.001901141,0.80623374,0.046928157,0.00040024
0905MOO0071,Moon Lake,6,0,0.054377169,0.945622831,0.230235249,0.025260316,0,0,0,0,0.552641728,0.026802931,0.023139221,0.008291554,0.006941766,0.029116853,0,0.096799074,0.000771307,0.327805631,0.029116853,0.6178172,0.025260316,0
1104LOO0367,Loon Lake,6,0,0.057302921,0.942697079,0.088968921,0.053194611,0.002294251,0.000773643,0,0,0.157102841,0.415152728,0.231132453,0.003494731,0.000320128,0.000506869,0.000533547,0.045724957,0.00080032,0.135494198,0.001040416,0.807202881,0.056262505,0
1201WCA0698,West Caroga Lake,6,0,0.057841709,0.942158291,0.088553047,0.042910901,0.008922068,0.002002913,0,0,0.449623695,0.118960913,0.146758922,0.022578296,0.00418791,0.004005827,0,0.102694829,0.00880068,0.200048555,0.004005827,0.742109735,0.053835882,0
1304WHA0353,Whaley Lake,4,0,0.061005492,0.938994508,0.126404732,0.040895649,0.011068864,0.000760456,0,0,0.683565695,0.054668357,0.025348542,0.009294466,0,0.008280524,0,0.026362484,0.013350232,0.166117448,0.008280524,0.77287706,0.052724968,0
1501WEE1005,Wee Wah Lake,8,0,0.065285149,0.934714851,0.068738944,0.063010698,0.001095106,0.000336956,0,0,0.761688148,0.011288013,0.011709207,0.003116839,0.008171173,0.000842389,0,0.068149271,0.001853256,0.138741471,0.000842389,0.795973381,0.06444276,0
1301CEL0166,Lake Celeste,5,0,0.073747242,0.926252758,0.007878979,0.069965332,0,0,0,0,0.831705011,0.032461393,0.003151592,0.005357706,0,0.00378191,0,0.039394894,0.006303183,0.053577056,0.00378191,0.872675701,0.069965332,0
1306MON0598,Monhagen Lake,5,0,0.091860465,0.908139535,0.175581395,0.03255814,0.001744186,0,0,0,0.46627907,0.028488372,0.221511628,0.002325581,0,0.048255814,0.009302326,0.013953488,0,0.189534884,0.05755814,0.718604651,0.034302326,0
0602GER0097,Gerry Lake,2,0,0.095959596,0.904040404,0.239057239,0.087542088,0.008417508,0,0,0,0.452861953,0.021885522,0.037037037,0.02020202,0,0,0,0.079124579,0.053872054,0.372053872,0,0.531986532,0.095959596,0
1104ADI0587A,"Adirondack Lake

",4,0,0.103576405,0.896423595,0.23153739,0.060613098,0.022062239,0.014630748,0.00627032,0,0.219693451,0.209010683,0.105898746,0.105666512,0,0,0,0.021597771,0.003019043,0.256154203,0,0.640269392,0.097306085,0.00627032
1302SAG0076J,Sagamore Lake,4,0,0.103768082,0.896231918,0.025664956,0.082302846,0.00104993,0.002508166,0.000466636,0,0.689162389,0.057396174,0.010440971,0.014174055,0,0.017440504,0,0.097293514,0.00209986,0.125058329,0.017440504,0.771173588,0.085860943,0.000466636
0905STA0281,Star Lake,5,0,0.104970455,0.895029545,0.378866875,0.059436913,0.01703163,0.020507473,0,0,0.47167188,0.011122697,0.013208203,0.018421967,0.000347584,0.007994439,0,0.001390337,0,0.380257212,0.007994439,0.514772332,0.096976017,0
0901ISLXXX1,Lake Of the Isles,2,0,0.106344951,0.893655049,0.293531312,0.034302605,0.025297312,0.017460645,0.003918334,0,0.385577782,0.029353131,0.004537018,0.030178044,0.017460645,0.022478862,0.002887193,0.070255035,0.062762082,0.426548429,0.025366055,0.46710662,0.077060562,0.003918334
1003COL0106,Lake Colby,3,0,0.12144234,0.87855766,0.178251502,0.057489511,0.027780928,0.029821975,0.003855312,0,0.26930491,0.33552557,0.035378161,0.04932532,0.007257059,0,0.002494614,0.003515138,0,0.18176664,0.002494614,0.696791019,0.115092414,0.003855312
1302UWB0128A,Teatown Lake,13,0,0.122167231,0.877832769,0.048710602,0.106798645,0.003386299,0.004167752,0,0,0.652513675,0.1041938,0.013024225,0.011721803,0,0.007814535,0,0.038551706,0.009116958,0.096379265,0.007814535,0.781453504,0.114352696,0
1403UWB0294B,Timber Lake,1,0,0.13962766,0.86037234,0.082446809,0,0,0,0,0,0.742021277,0,0.033244681,0.002659574,0,0.126329787,0.013297872,0,0,0.082446809,0.13962766,0.777925532,0,0
0602ECH0081,Echo Lake,18,0,0.159249841,0.840750159,0.077558805,0.022250477,0,0,0,0,0.174507311,0.142720915,0.356961221,0,0.006039415,0.110616656,0.026382708,0.070247934,0.012714558,0.160521297,0.136999364,0.680228862,0.022250477,0
0601WHI5191,White Birch Lake,7,0,0.181633688,0.818366312,0.067478437,0.04870624,0,0,0,0,0.423135464,0.100963978,0.215626585,0.002536783,0,0.132927448,0,0,0.008625063,0.076103501,0.132927448,0.742262811,0.04870624,0
1302TRU0115A,Truesdale Lake,15,0,0.184167573,0.815832427,0.041439971,0.148984403,0.004171201,0.00262967,0,0,0.563293435,0.035545883,0.019495829,0.004533914,0.000634748,0.0283823,0,0.14970983,0.001178818,0.192328618,0.0283823,0.623503808,0.155785274,0
0303HYD0391,Hyde Lake,11,0,0.18961474,0.81038526,0.141373534,0.020938023,0.010720268,0,0,0,0.229145729,0.171859296,0.027638191,0.05041876,0.051926298,0.157956449,0,0.132998325,0.005025126,0.279396985,0.157956449,0.530988275,0.031658291,0
1301TOM0150I,Tomkins Lake,1,0,0.194539249,0.805460751,0.071672355,0.184300341,0.010238908,0,0,0,0.687713311,0.037542662,0,0,0,0,0,0,0.008532423,0.080204778,0,0.725255973,0.194539249,0
1202SUM0629,Summit Lake,5,0,0.198059822,0.801940178,0.16734034,0.107518189,0.006467259,0.004042037,0,0,0.508488278,0.107518189,0.012126112,0,0,0.080032336,0,0.006467259,0,0.173807599,0.080032336,0.628132579,0.118027486,0
1104MAYXXX1,Mayfield Lake,5,0,0.203427296,0.796572704,0.01845381,0.06145688,0.034753,0.008272397,0.003773374,0.000480045,0.337594195,0.226257326,0.065620988,0.003572425,0.010080938,0.068188669,0.026982975,0.12982417,0.004688808,0.152966788,0.095171644,0.643125872,0.104482277,0.003773374
1301WAL0165,Wallace Pond,5,0,0.203484195,0.796515805,0.00933908,0.14924569,0.017061782,0.012751437,0.001706178,0,0.716684626,0.038164511,0.004400144,0.002604167,0,0.022719109,0,0.020384339,0.004938937,0.034662356,0.022719109,0.761853448,0.179058908,0.001706178
1201DEL1059,Delta Lake,3,0,0.204908096,0.795091904,0.029844448,0.010980966,0.002564557,0.000701756,0.000242467,0.000354375,0.480127016,0.11586668,0.035824528,0.082494801,0.027114361,0.138535032,0.051883317,0.019670151,0.003795544,0.053310144,0.190418349,0.741427386,0.014247279,0.000242467
1310COP0108,Copake Lake,9,0,0.207703802,0.792296198,0.318944048,0.131994023,0.034866346,0.006973269,0,0,0.332558526,0.099784161,0.011622115,0.002988544,0.006973269,0.033870164,0,0.019425535,0,0.338369583,0.033870164,0.453926615,0.173833638,0
0303NOR1041,North Sandy Pond,5,0,0.219072318,0.780927682,0.050100216,0.026016691,0.006965721,0.001755267,0.000332078,0.002466861,0.387514677,0.112424047,0.024846513,0.104659759,0.014595597,0.131641056,0.052361506,0.075950868,0.008369144,0.134420228,0.184002562,0.644040593,0.034737679,0.000332078
1302SHA0128J,Shadow Lake,3,0,0.223744292,0.776255708,0.086757991,0.200913242,0,0.02283105,0,0,0.506849315,0.109589041,0,0.0456621,0,0,0,0,0.02739726,0.114155251,0,0.662100457,0.223744292,0
0202LCA0133,Lower Cassadaga Lake,1,0,0.256929886,0.743070114,0.064523643,0.048101561,0.015024458,0.007861635,0.000698812,0.000757046,0.479035639,0.029757745,0.012636851,0.048567435,0.023060797,0.09591195,0.08933147,0.073491731,0.011239227,0.149254601,0.18524342,0.593058467,0.070987654,0.000698812
1301SHA0424,Shaver Pond,9,0,0.278465347,0.721534653,0.080445545,0.106435644,0.040841584,0,0,0,0.501237624,0.110148515,0.007425743,0,0.004950495,0.106435644,0.024752475,0.017326733,0,0.097772277,0.131188119,0.623762376,0.147277228,0
0302LSO0076,Little Sodus Bay,8,0,0.280034655,0.719965345,0.233827493,0.092991914,0.015979977,0.002984213,0,0,0.261455526,0.023584906,0.111378514,0.030227185,0.004909511,0.09703504,0.071043512,0.046784752,0.007797459,0.288409704,0.168078552,0.431555641,0.111956103,0
1404LAU0382,Laurel Lake,5,0,0.295522388,0.704477612,0.140298507,0.053731343,0,0,0,0,0.507462687,0,0.011940299,0,0,0.241791045,0,0.023880597,0.020895522,0.185074627,0.241791045,0.519402985,0.053731343,0
1702CRA6892,Cranberry Lake,1,0,0.298294108,0.701705892,0.259464013,0.192860528,0.050729216,0.041304691,0.007476439,0,0.337598062,0.064234192,0.005765282,0.002053388,0.001079345,0.005502027,0.000421208,0.028721108,0.002790502,0.290975623,0.005923235,0.410730269,0.284894435,0.007476439
0906UWB5014,Boyd Lake,2,0,0.298584299,0.701415701,0.145431145,0.041184041,0,0,0,0,0.431145431,0.064350064,0,0,0.046332046,0.257400257,0,0.014157014,0,0.15958816,0.257400257,0.541827542,0.041184041,0
0302BLI0077,Blind Sodus Bay,4,0,0.320117005,0.679882995,0.034044541,0.03869033,0.001622339,0.000491618,0,0,0.402143454,0.015141832,0.05132491,0.031635613,0,0.117496682,0.161816037,0.138193796,0.00739885,0.179637186,0.279312718,0.500245809,0.040804287,0
1102LAU1121,Lake Lauderdale,7,0,0.330336649,0.669663351,0.089135425,0.061017598,0.037872992,0.010902831,0,0,0.351951033,0.066182096,0.063504208,0.02620505,0.00420811,0.134850803,0.085692425,0.067138485,0.001338944,0.157612854,0.220543229,0.512050497,0.10979342,0
1306SHA0491,Shawangunk Lake,5,0,0.331365314,0.668634686,0.182287823,0.071586716,0,0,0,0,0.286346863,0.023616236,0.112177122,0,0,0.259778598,0,0.064206642,0,0.246494465,0.259778598,0.422140221,0.071586716,0
0502LAM0047,Lamoka Lake,3,0,0.38473044,0.61526956,0.064024534,0.038888837,0.002916192,0.000376283,0,0,0.300527737,0.01632127,0.085350366,0.10506759,0.00671665,0.292268327,0.050280801,0.028446986,0.008814427,0.101285947,0.342549128,0.513983613,0.042181312,0
1301SNY0377,Snyders Lake,8,0,0.454714475,0.545285525,0.136520584,0.095883134,0.095883134,0.065073041,0,0,0.291102258,0.020451527,0.046480744,0.020982736,0.007968127,0.181673307,0.016201859,0.018857902,0.002921647,0.158300133,0.197875166,0.386985392,0.256839309,0
1302KAT0107A,Lake Katonah,11,0,0.461028192,0.538971808,0.155887231,0.451077944,0,0.009950249,0,0,0.32172471,0.061359867,0,0,0,0,0,0,0,0.155887231,0,0.383084577,0.461028192,0
0302POR0089,Port Bay,2,0,0.473321349,0.526678651,0.027046351,0.054256123,0.005576778,0.002338978,0.001593365,0,0.252058097,0.015882581,0.09377362,0.017567871,0.001021388,0.229771413,0.179784691,0.089299941,0.030028803,0.146375094,0.409556105,0.380303556,0.062171879,0.001593365
1301UWB5186,Sugar Pond,1,0,0.484536082,0.515463918,0,0.422680412,0.046391753,0.015463918,0,0,0.515463918,0,0,0,0,0,0,0,0,0,0,0.515463918,0.484536082,0
0701CRO0185,Cross Lake,4,0,0.544338891,0.455661109,0.138309422,0.029701435,0.004245832,0.000271423,0,0,0.077142303,0.002908104,0.013997674,0.054711128,0.002093835,0.243350136,0.266770066,0.156029469,0.010469174,0.304808065,0.510120202,0.150853044,0.034218689,0
1701LIL0779,Lily Pond,7,0,0.556257176,0.443742824,0.00401837,0.213547646,0.212399541,0.05912744,0,0.003444317,0.310562572,0.009758898,0,0.053960964,0.049942595,0.071182549,0,0,0.012055109,0.016073479,0.071182549,0.424225029,0.485074627,0
0602DEA0036,Dean Pond,5,0,0.577667219,0.422332781,0.066334992,0.050856827,0.000552792,0,0.006080708,0,0.124930901,0.116086235,0.067440575,0,0,0.485351023,0.034825871,0.039800995,0.007739082,0.113875069,0.520176893,0.308457711,0.051409619,0.006080708
1103HED0089,Hedges Lake,6,0,0.585419898,0.414580102,0.125415466,0.097496122,0.033237314,0.001994239,0,0,0.175714602,0.042765345,0.013294926,0.007755373,0.00531797,0.399069355,0.053622867,0.019499224,0.024817195,0.169731886,0.452692222,0.244848216,0.132727676,0
0301WAT0166,Waterport Reservoir,5,0,0.660442148,0.339557852,0.008975436,0.037160026,0.017913154,0.004173148,0.001273368,0.001036498,0.091866586,0.002475826,0.008909052,0.002908832,0.000810188,0.205508676,0.394413775,0.192946988,0.029628445,0.231550869,0.599922451,0.106970485,0.059246329,0.001273368
1304HIL0345G,Hillside Lake,4,0,0.754891864,0.245108136,0,0.513903193,0.198764161,0.020597322,0,0,0.11946447,0,0.015447992,0.008238929,0,0.021627188,0,0,0.101956746,0.101956746,0.021627188,0.14315139,0.733264676,0
1302SHE0050A,Lake Shenorock,7,0,0.757012394,0.242987606,0.017286367,0.426614481,0.215590346,0.071754729,0.018917156,0,0.204500978,0.000326158,0.007501631,0.001630789,0,0.024135682,0,0.011741683,0,0.02902805,0.024135682,0.213959556,0.713959556,0.018917156
1204MAD1051,Madison Lake,14,0,0,0,0,0,0,0,0,0,0,0,0,0,0,0,0,0,0,0,0,0,0,0
1302MAH0053,Lake Mahopac,14,0,0,0,0,0,0,0,0,0,0,0,0,0,0,0,0,0,0,0,0,0,0,0
1701CAN0889,Canaan Lake,11,0,0,0,0,0,0,0,0,0,0,0,0,0,0,0,0,0,0,0,0,0,0,0
1104PAR0432,Paradox Lake,10,0,0,0,0,0,0,0,0,0,0,0,0,0,0,0,0,0,0,0,0,0,0,0
0902IND0051,Indian Lake,9,0,0,0,0,0,0,0,0,0,0,0,0,0,0,0,0,0,0,0,0,0,0,0
1301LON0428,Long Pond,9,0,0,0,0,0,0,0,0,0,0,0,0,0,0,0,0,0,0,0,0,0,0,0
1311THO0274,Thompsons Lake,7,0,0,0,0,0,0,0,0,0,0,0,0,0,0,0,0,0,0,0,0,0,0,0
1701BLA0788,Black Pond,7,0,0,0,0,0,0,0,0,0,0,0,0,0,0,0,0,0,0,0,0,0,0,0
1003KIW0100,Kiwassa Lake,6,0,0,0,0,0,0,0,0,0,0,0,0,0,0,0,0,0,0,0,0,0,0,0
1309MYO0954,Myosotis Lake,6,0,0,0,0,0,0,0,0,0,0,0,0,0,0,0,0,0,0,0,0,0,0,0
0602LLE1052,Lower Leland Pond,5,0,0,0,0,0,0,0,0,0,0,0,0,0,0,0,0,0,0,0,0,0,0,0
0602ULE1053,Upper Leland Pond,5,0,0,0,0,0,0,0,0,0,0,0,0,0,0,0,0,0,0,0,0,0,0,0
0902LCH0006,Lower Chateaugay Lake,5,0,0,0,0,0,0,0,0,0,0,0,0,0,0,0,0,0,0,0,0,0,0,0
1104PIS0234,Piseco Lake,5,0,0,0,0,0,0,0,0,0,0,0,0,0,0,0,0,0,0,0,0,0,0,0
1301OSC0175,Oscawana Lake,5,0,0,0,0,0,0,0,0,0,0,0,0,0,0,0,0,0,0,0,0,0,0,0
1301OSS0183D,Lake Ossi,5,0,0,0,0,0,0,0,0,0,0,0,0,0,0,0,0,0,0,0,0,0,0,0
1302NIM0076E,Lake Nimham,5,0,0,0,0,0,0,0,0,0,0,0,0,0,0,0,0,0,0,0,0,0,0,0
1402WAN0053,Wanaksink Lake,5,0,0,0,0,0,0,0,0,0,0,0,0,0,0,0,0,0,0,0,0,0,0,0
1501ROU1021,Round Lake,5,0,0,0,0,0,0,0,0,0,0,0,0,0,0,0,0,0,0,0,0,0,0,0
1702BRA1039,Brady Pond,5,0,0,0,0,0,0,0,0,0,0,0,0,0,0,0,0,0,0,0,0,0,0,0
1302UWB5115,Plum Brook Lake,4,0,0,0,0,0,0,0,0,0,0,0,0,0,0,0,0,0,0,0,0,0,0,0
0300ONT0000,Lake Ontario,3,0,0,0,0,0,0,0,0,0,0,0,0,0,0,0,0,0,0,0,0,0,0,0
0902LSA0257A,Lower Saint Regis Lake,3,0,0,0,0,0,0,0,0,0,0,0,0,0,0,0,0,0,0,0,0,0,0,0
0902TIT0028,Lake Titus,3,0,0,0,0,0,0,0,0,0,0,0,0,0,0,0,0,0,0,0,0,0,0,0
1301MEA0160,Lake Meahagh,3,0,0,0,0,0,0,0,0,0,0,0,0,0,0,0,0,0,0,0,0,0,0,0
1301TIB0183E,Lake Tibet,3,0,0,0,0,0,0,0,0,0,0,0,0,0,0,0,0,0,0,0,0,0,0,0
1301REN0336,Rensselaer Lake,1,0,0,0,0,0,0,0,0,0,0,0,0,0,0,0,0,0,0,0,0,0,0,0
1302KIT0114,Lake Kitchawan,1,0,0,0,0,0,0,0,0,0,0,0,0,0,0,0,0,0,0,0,0,0,0,0
1308TAG0869,Lake Taghkanic,1,0,0,0,0,0,0,0,0,0,0,0,0,0,0,0,0,0,0,0,0,0,0,0
1401WHI0117,White Lake,1,0,0,0,0,0,0,0,0,0,0,0,0,0,0,0,0,0,0,0,0,0,0,0
0601CHE0213,Chenango Lake,17,yes,0,1,0.324503311,0,0,0,0,0,0.468670402,0.030565461,0.141619969,0,0,0,0,0.034640856,0,0.359144167,0,0.640855833,0,0
0801OTT0926,Otter Lake,18,yes,0,1,0.08008794,0,0,0,0,0,0.569723618,0.169440955,0.092964824,0.013190955,0,0,0,0.073963568,0.000628141,0.154679648,0,0.845320352,0,0
1301FOR0441,Forest Lake,12,yes,0.001901141,0.998098859,0.16539924,0.001901141,0,0,0,0,0,0.231939163,0.560836502,0,0,0,0,0.039923954,0,0.205323194,0,0.792775665,0.001901141,0
1104GOO0672A,Goodnow Flowage,19,yes,0.004477833,0.995522167,0.043631901,0.004477833,0,0,0,0,0.694940858,0.125622109,0.061624159,0.002549128,0,0,0,0.060167514,0.006986499,0.110785914,0,0.884736253,0.004477833,0
0906GRA0051,Grass Lake,13,yes,0.004573581,0.995426419,0.228544525,0.002421308,0,0,0,0,0.435028249,0.123755717,0.030131827,0.016814635,0.016411084,0,0.002152273,0.135324186,0.009416196,0.373284907,0.002152273,0.622141512,0.002421308,0
1104HUN0131,Hunt Lake,20,yes,0.007731959,0.992268041,0.098421392,0.007731959,0,0,0,0,0.466655928,0.254027062,0.145296392,0.01304768,0.001610825,0,0,0.013208763,0,0.111630155,0,0.880637887,0.007731959,0
1401ANA0251,Lake Anawanda,28,yes,0.010321101,0.989678899,0.20412844,0.010321101,0,0,0,0,0.733944954,0.018348624,0.02293578,0.005733945,0,0,0,0.004587156,0,0.208715596,0,0.780963303,0.010321101,0
0801BRA0689,Brantingham Lake,15,yes,0.011296848,0.988703152,0.121364781,0.002671552,0,0.001068621,0,0,0.359209221,0.266239218,0.07434547,0.095794214,0.006869705,0.006259064,0.001297611,0.064880543,0,0.186245325,0.007556675,0.802457828,0.003740173,0
1401MON0186,Montgomery Lake,6,yes,0.013196481,0.986803519,0.126099707,0.013196481,0,0,0,0,0.516129032,0.024926686,0.319648094,0,0,0,0,0,0,0.126099707,0,0.860703812,0.013196481,0
1104EAG0438,Eagle Lake,18,yes,0.013596699,0.986403301,0.165866198,0.012852601,0.000744098,0,0,0,0.114388149,0.544476764,0.134681729,0.00114997,0.000270581,0,0,0.02529933,0.000270581,0.191436109,0,0.794967192,0.013596699,0
0302LAC0132,Lake Lacoma,1,yes,0.013605442,0.986394558,0.244897959,0.013605442,0,0,0,0,0.204081633,0.129251701,0.326530612,0,0,0,0,0.027210884,0.054421769,0.326530612,0,0.659863946,0.013605442,0
1201CAN0717,Canada Lake,16,yes,0.014463307,0.985536693,0.077391212,0.012672245,0.001261447,0.000240734,0,0,0.555893653,0.072836522,0.159693401,0.028214042,0.001145895,0.000288881,0,0.080742232,0.009619736,0.16775318,0.000288881,0.817783513,0.014174426,0
1201PEC0686,Peck Lake,15,yes,0.016117472,0.983882528,0.145957767,0.015805047,0.000110268,0.000202158,0,0,0.4164446,0.205980189,0.123481521,0.01207432,0.000588095,0,0,0.074669656,0.00468638,0.225313804,0,0.758568724,0.016117472,0
1201PLE0745,Pleasant Lake,16,yes,0.019913886,0.980086114,0.216720488,0.019913886,0,0,0,0,0.421420883,0.049695013,0.154646573,0.030139935,0,0,0,0.095801938,0.011661285,0.32418371,0,0.655902404,0.019913886,0
1310ROU0080,Round Pond,21,yes,0.02388535,0.97611465,0.049893843,0.015923567,0,0,0,0,0.178874735,0.026539278,0.609341826,0.031316348,0.005307856,0.007961783,0,0.071125265,0.003715499,0.124734607,0.007961783,0.851380042,0.015923567,0
1104JEN0130,Jenny Lake,18,yes,0.025113009,0.974886991,0.195881467,0.025113009,0,0,0,0,0.163736816,0.452034154,0.141637368,0,0,0,0,0.021597187,0,0.217478654,0,0.757408338,0.025113009,0
1104SAC0314,Sacandaga Lake,16,yes,0.025443081,0.974556919,0.15074983,0.023091343,0.000613497,0.00032379,1.70E-05,0,0.549454669,0.12607362,0.088957055,0.019989775,0.000170416,0,0.00139741,0.027880027,0.011281527,0.189911384,0.00139741,0.784645535,0.02402863,1.70E-05
1102TAC1129,Taconic Lake,13,yes,0.025832767,0.974167233,0.095853161,0.025832767,0,0,0,0,0.458871516,0.053025153,0.316791298,0.005438477,0,0,0,0.044187627,0,0.140040789,0,0.834126445,0.025832767,0
1104SCH0374,Schroon Lake,22,yes,0.025902503,0.974097497,0.052204674,0.017856278,0.005673536,0.001382876,0.000113405,0.001494079,0.303199993,0.410325548,0.157718342,0.004549398,0.000710155,6.39E-05,0.00081255,0.042298833,0.001596473,0.096099981,0.000876409,0.876503437,0.024912689,0.000113405
0601BEA0174,Beaver Lake,19,yes,0.02739726,0.97260274,0.086933614,0.020021075,0,0,0,0,0.763962065,0.015806112,0.103266596,0.002634352,0,0,0.007376185,0,0,0.086933614,0.007376185,0.885669125,0.020021075,0
0801SEC0782B,Fulton Second Lake,23,yes,0.027491356,0.972508644,0.149874969,0.023562917,0.001860027,0.001350642,0.000239257,4.63E-05,0.533766053,0.112373426,0.080575451,0.059574895,0.001219437,0,0.000478513,0.032284206,0.0027939,0.184953075,0.000478513,0.787509262,0.026773586,0.000239257
0906BON0024,Lake Bonaparte,21,yes,0.028657183,0.971342817,0.140510649,0.01533591,0.001212894,0.00041115,0,0.003659239,0.482361648,0.109859387,0.020660308,0.005406628,0.011553326,0.009929282,0.001767947,0.181378998,0.015952635,0.337842283,0.011697229,0.629841296,0.016959954,0
1301IND0167,Indian Lake,21,yes,0.029000112,0.970999888,0.174224611,0.029000112,0,0,0,0,0.480685254,0.226626358,0.024073452,0.011308924,0.001455604,0,0,0.051729929,0.000895756,0.226850297,0,0.744149591,0.029000112,0
0602PLY0107,Plymouth Reservoir,27,yes,0.03255814,0.96744186,0.12923588,0.026910299,0.005647841,0,0,0.006312292,0.310631229,0.03986711,0.091694352,0.311627907,0.009966777,0,0,0.065780731,0.002325581,0.197342193,0,0.763787375,0.03255814,0
0904SIL0351,Silver Lake,20,yes,0.033975085,0.966024915,0.326727067,0.030011325,0,0.00396376,0,0,0.485843715,0.069648924,0.035107588,0.003397508,0.005662514,0,0,0.037372593,0.002265006,0.366364666,0,0.599660249,0.033975085,0
1004PLA0254,Lake Placid,26,yes,0.035656376,0.964343624,0.15090947,0.022861179,0.006967522,0.005137344,0.000690331,0.000144488,0.303777553,0.276260656,0.217743101,0.001509095,0.000449518,0,0,0.012570438,0.000979306,0.164459214,0,0.799739922,0.034966045,0.000690331
1004LIN0315,Lincoln Pond,14,yes,0.036367925,0.963632075,0.093679245,0.027146226,0.008278302,0.000943396,0,0,0.258584906,0.286768868,0.288349057,0.012146226,0.000117925,0,0,0.022429245,0.001556604,0.117665094,0,0.845966981,0.036367925,0
0902EAG0083,Eagle Pond,10,yes,0.036394558,0.963605442,0.069727891,0.020068027,0.003401361,0,0,0.004421769,0.38537415,0.408503401,0.017006803,0.045918367,0.006802721,0.01292517,0,0.02585034,0,0.095578231,0.01292517,0.863605442,0.023469388,0
1005HAD0432,Hadlock Pond ,11,yes,0.036570858,0.963429142,0.045627231,0.024943398,0.002340842,0.000191872,0,0,0.489965079,0.186576615,0.179745961,0.020261714,0,0.009094747,0,0.020875705,0.020376837,0.086879773,0.009094747,0.876549369,0.027476112,0
1104FOR0340,Forest Lake,16,yes,0.041169658,0.958830342,0.021366532,0.031094383,0.003821656,0,0,0,0.222466705,0.339143023,0.296699479,0.054371743,0,0,0.006253619,0.02478286,0,0.046149392,0.006253619,0.91268095,0.034916039,0
0703PAN0094,Panther Lake,9,yes,0.042561655,0.957438345,0.245027844,0.005568815,0,0,0,0,0.251392204,0.153937947,0.042163882,0.263325378,0,0.03699284,0,0.000397772,0.001193317,0.246618934,0.03699284,0.710819411,0.005568815,0
1102BAB1109,Babcock Lake,30,yes,0.043704475,0.956295525,0.2289282,0.038501561,0.005202914,0,0,0,0.368366285,0.130072841,0.225806452,0,0,0,0,0.003121748,0,0.232049948,0,0.724245578,0.043704475,0
1401STU0245,Weiden Pond Lake,13,yes,0.044653282,0.955346718,0.011277232,0.011106365,0,0,0,0,0.32433433,0.170126726,0.403958422,0.001680194,0.000512601,0.033034316,0.000512601,0.042745266,0.000711946,0.054734444,0.033546917,0.900612274,0.011106365,0
0906MIL0055,Millsite Lake,21,yes,0.050118859,0.949881141,0.291006339,0.008518225,0.001881933,0,0,0,0.36133122,0.170265452,0.039025357,0.01139065,0.018522187,0.036945325,0.002773376,0.057349445,0.000990491,0.349346276,0.0397187,0.600534865,0.010400158,0
1006GEO0367,Lake George,13,yes,0.056944065,0.943055935,0.201734055,0.038342277,0.007600313,0.002746633,0.000721776,5.68E-05,0.32664458,0.284017974,0.099434684,0.005284055,0.001140196,0.006243434,0.001289632,0.023552601,0.001191005,0.22647766,0.007533066,0.71652149,0.048689223,0.000721776
1302RIP0119,Lake Rippowam,11,yes,0.060096154,0.939903846,0.124198718,0.050480769,0,0,0,0,0.662660256,0.036858974,0.002403846,0,0,0.009615385,0,0.113782051,0,0.237980769,0.009615385,0.701923077,0.050480769,0
1404DEE0389,Deer Lake,11,yes,0.061608498,0.938391502,0.038239757,0.028224583,0.004400607,0.006828528,0,0,0.481487102,0.138088012,0.253262519,0.008042489,0.00091047,0.015174507,0.006980273,0.013960546,0.004400607,0.05660091,0.02215478,0.881790592,0.039453718,0
1104FRI0365,Friends Lake,20,yes,0.063362966,0.936637034,0.139335477,0.038711304,0.000378286,0.001639241,0.000315239,0,0.141668243,0.353508606,0.226845722,0.03688292,0.004035055,0.016833743,0.005485152,0.034361011,0,0.173696488,0.022318895,0.762940546,0.040728832,0.000315239
0906SIX0056,Sixberry Lake,7,yes,0.063394683,0.936605317,0.176453403,0.008179959,0.005550687,0,0,0,0.303827052,0.257960853,0.027461291,0.01665206,0.05229331,0.041484078,0.008179959,0.101957347,0,0.278410751,0.049664037,0.658194566,0.013730646,0
1310SPR0081,Spring Lake,13,yes,0.068062827,0.931937173,0.184991274,0.068062827,0,0,0,0,0.10122164,0.068062827,0.521815009,0.019197208,0,0,0,0.036649215,0,0.221640489,0,0.710296684,0.068062827,0
1404OQU0383,Oquaga Lake,22,yes,0.069694868,0.930305132,0.210818308,0.036754508,0,0,0,0,0.526352288,0.050624133,0.12517337,0.002427184,0,0.032940361,0,0.009708738,0.00520111,0.225728155,0.032940361,0.704576976,0.036754508,0
1004AUG0213,Augur Lake,19,yes,0.070519436,0.929480564,0.076826052,0.041509001,0.022388488,0.003984635,0,0,0.441807132,0.133356266,0.221476895,0.037725032,0.008599931,0.002637312,0,0.009316592,0.000372664,0.086515308,0.002637312,0.842965256,0.067882124,0
1402YAN0021,Yankee Lake,10,yes,0.07447784,0.92552216,0.18033622,0.057666836,0.012837494,0.002750891,0,0.001630158,0.452776363,0.017320428,0.260825267,0,0,0.001222618,0,0.012022415,0.000611309,0.192969944,0.001222618,0.730922058,0.073255222,0
1302OSC0118,Lake Oscaleta,9,yes,0.077953715,0.922046285,0.110840438,0.063859405,0,0,0,0,0.594745084,0.111014442,0.015660345,0.001044023,0,0.01409431,0,0.085261876,0.003480077,0.199582391,0.01409431,0.722463894,0.063859405,0
1201ECA0697,East Caroga Lake,24,yes,0.080460293,0.919539707,0.116437733,0.065086873,0.00873283,0.002774493,0,0,0.402165014,0.135631766,0.137496589,0.021695624,0.003183844,0.003866097,0,0.095242427,0.00768671,0.21936687,0.003866097,0.700172837,0.076594196,0
1501TUX1007,Tuxedo Lake,10,yes,0.083214872,0.916785128,0.142482231,0.080481137,0.000546747,0,0,0,0.699398578,0.026790596,0.012028431,0.001421542,0.001968289,0.002186987,0,0.032695462,0,0.175177693,0.002186987,0.741607436,0.081027884,0
0906OTH0009,Lake of the Woods,13,yes,0.084668192,0.915331808,0.320039229,0.015691402,0,0,0,0,0.384439359,0.135338346,0.047074207,0.008826414,0.011768552,0.06897679,0,0.007845701,0,0.32788493,0.06897679,0.587446878,0.015691402,0
1301BOW0444,Big Bowman Pond,5,yes,0.089393939,0.910606061,0.095454545,0.076515152,0.000757576,0,0,0,0.443939394,0.027272727,0.300757576,0,0,0.012121212,0,0.043181818,0,0.138636364,0.012121212,0.771969697,0.077272727,0
1306ULS0799,Ulster Heights Lake,10,yes,0.090662474,0.909337526,0.024311435,0.026523136,0.001693334,0.001036735,0,0.000898504,0.387220514,0.196288489,0.183467533,0.001071293,0.003058368,0.058782873,0.002626395,0.108615268,0.004406124,0.137332826,0.061409268,0.771106196,0.029253205,0
0703KAS0109,Kasoag Lake,20,yes,0.097982159,0.902017841,0.029862138,0.008204933,0,0,0,0,0.620998903,0.082335544,0.038448695,0.105185327,0.002289749,0.086104088,0.003673138,0.017554739,0.005342747,0.052759624,0.089777227,0.849258217,0.008204933,0
1302BLU0122A,Blue Heron Lake,7,yes,0.098687409,0.901312591,0.104521147,0.083130773,0,0,0,0,0.627613029,0.113271755,0.005347594,0,0,0.015556636,0,0.047156053,0.003403014,0.155080214,0.015556636,0.746232377,0.083130773,0
1201MAR0570,Mariaville Lake,18,yes,0.104340297,0.895659703,0.110834506,0.073384565,0.014395497,0.004112999,0,0,0.416820002,0.032471047,0.211494751,0.029440416,0.00681892,0.012122524,0.00032471,0.082043511,0.005736552,0.198614569,0.012447235,0.697045135,0.091893062,0
1501UWB1006,Little We Wah Lake,9,yes,0.106994172,0.893005828,0.14082015,0.102206495,0.002706078,0,0,0,0.680058285,0.026228143,0.011656953,0.001353039,0.001873439,0.002081599,0,0.03101582,0,0.17183597,0.002081599,0.721169858,0.104912573,0
0402CAN0043,Canadice Lake,2,yes,0.117589567,0.882410433,0.087961799,0.028371171,0.000363017,0,0,0,0.513473514,0.078076569,0.130937421,0.040825445,0.003853565,0.075228282,0.013627098,0.024852699,0.002429421,0.115243919,0.08885538,0.767166513,0.028734188,0
1301GLA0394,Glass Lake,1,yes,0.118042764,0.881957236,0.083126452,0.043405141,0.013053576,0.010170577,0,0,0.428846,0.137102587,0.199006967,0.006967246,8.01E-05,0.05141347,0,0.023544486,0.003283415,0.109954353,0.05141347,0.772002883,0.066629294,0
1310QUE0057,Queechy Lake,27,yes,0.121143376,0.878856624,0.157441016,0.050362976,0.025862069,0.005444646,0.003402904,0,0.397459165,0.143602541,0.154038113,0.003176044,0.001361162,0.034482759,0.001588022,0.019056261,0.002722323,0.179219601,0.03607078,0.699637024,0.081669691,0.003402904
0703PLE0019,Pleasant Lake,18,yes,0.126237624,0.873762376,0.151815182,0.068481848,0.002475248,0,0,0,0.146039604,0.059405941,0.054455446,0.2830033,0,0,0.055280528,0.179042904,0,0.330858086,0.055280528,0.54290429,0.070957096,0
1701LLO0708,Little Long Pond,11,yes,0.129905277,0.870094723,0.105548038,0.079837618,0.028416779,0,0,0,0.736129905,0.01082544,0,0,0,0.02165088,0,0.01759134,0,0.123139378,0.02165088,0.746955345,0.108254398,0
0906BUT0054,Butterfield Lake,31,yes,0.130012423,0.869987577,0.21257357,0.018430646,0.010691811,0.003278822,0.000183288,0,0.365374824,0.094698898,0.015905342,0.027778343,0.02126143,0.095900454,0.001527402,0.115247541,0.017147628,0.344968739,0.097427856,0.525018838,0.032401279,0.000183288
1301ROA0183B,Roaring Brook Lake,8,yes,0.139,0.861,0.11,0.114,0.012,0,0,0,0.661,0.012,0.001,0.014,0,0.013,0,0.063,0,0.173,0.013,0.688,0.126,0
1401SOM0268,Somerset Lake,19,yes,0.140207715,0.859792285,0.163204748,0.053412463,0,0,0,0,0.507418398,0.047477745,0.133531157,0.004451039,0,0.086795252,0,0.003709199,0,0.166913947,0.086795252,0.692878338,0.053412463,0
1103SUM0080,Summit Lake,13,yes,0.152110626,0.847889374,0.259097525,0.077874818,0.018922853,0,0,0,0.543668122,0.03202329,0.00727802,0.005822416,0,0.055312955,0,0,0,0.259097525,0.055312955,0.588791849,0.096797671,0
0602GEN0088,Geneganslet Lake,26,yes,0.154675271,0.845324729,0.036386105,0.014142524,0,0,0,0,0.443223946,0.093024852,0.197171495,0.004943018,0.000480571,0.140532747,0,0.06439654,0.005698201,0.106480846,0.140532747,0.738843883,0.014142524,0
0402HON0057,Honeoye Lake,6,yes,0.155033045,0.844966955,0.07023539,0.033842738,0.002940207,0.000372947,0,0,0.578093289,0.040850665,0.054797134,0.056956756,0.001613211,0.09504935,0.022827803,0.038994605,0.003425905,0.1126559,0.117877153,0.732311055,0.037155892,0
1201GAL0563,Galway Lake,25,yes,0.157776053,0.842223947,0.099256959,0.051162619,0.006654098,0.001145984,0,0,0.153783594,0.390706443,0.056485897,0.000554508,0.003474918,0.090421796,0.008391557,0.133747366,0.004214262,0.237218587,0.098813353,0.60500536,0.0589627,0
1402GUY0014,Guymard Lake,9,yes,0.165461847,0.834538153,0.118875502,0.13815261,0.008835341,0,0,0,0.614457831,0,0.091566265,0,0,0.017670683,0.000803213,0.009638554,0,0.128514056,0.018473896,0.706024096,0.146987952,0
1401DEV0174,Lake Devenoge,4,yes,0.167253521,0.832746479,0.452464789,0.167253521,0,0,0,0.077464789,0.26056338,0.024647887,0.017605634,0,0,0,0,0,0,0.452464789,0,0.302816901,0.167253521,0
1302HOW0127,Bedford Lake,6,yes,0.174423077,0.825576923,0.020384615,0.071153846,0.015961538,0.002307692,0.000961538,0,0.701538462,0.075384615,0.009615385,0.001730769,0,0.084038462,0,0.016923077,0,0.037307692,0.084038462,0.788269231,0.089423077,0.000961538
1301BUR0386C,Burden Third Lake,17,yes,0.176,0.824,0.134,0.062,0.033,0.012,0,0,0.389,0.115,0.121,0.022,0.005,0.067,0.002,0.038,0,0.172,0.069,0.652,0.107,0
1701LON0702,Long Pond,2,yes,0.179005092,0.820994907,0.078730905,0.089502546,0.072463768,0.008421465,0,0,0.647277712,0.033881708,0.001566784,0.013121817,0,0.008617313,0,0.044065805,0.002350176,0.125146886,0.008617313,0.695848021,0.170387779,0
1402PLE0045,Pleasure Lake,5,yes,0.188243963,0.811756037,0.067055889,0.109114613,0.042115406,0.011846729,0.004846389,0,0.432802403,0.10225598,0.174980161,0.002012244,0.001388731,0.013773949,0.006546877,0.029871897,0.001388731,0.098316517,0.020320825,0.713439519,0.163076749,0.004846389
0602EAT0163,Eaton Brook Reservoir,20,yes,0.192736165,0.807263835,0.07304592,0.006204148,0.000588715,0.000634001,0,0,0.478398696,0.107644235,0.009193008,0.069060773,0.013993298,0.160175709,0.025133593,0.04841047,0.007517435,0.128973825,0.185309302,0.67829001,0.007426864,0
1701FRE0661,Big Fresh Pond,6,yes,0.196357878,0.803642122,0.147664291,0.16152019,0.01821061,0.016627078,0,0,0.621536025,0.013460016,0,0,0,0,0,0.016627078,0.004354711,0.168646081,0,0.634996041,0.196357878,0
0705CAY0296,Cayuga Lake,14,yes,0.201050187,0.798949813,0.019152445,0.020599818,0.001110775,0.000269279,0,0,0.482715675,0.065670336,0.021474974,0.059678885,0.017166515,0.114342455,0.06472786,0.103133731,0.029957252,0.152243428,0.179070315,0.646706385,0.021979871,0
0502DEM0068,Lake Demons,11,yes,0.201970443,0.798029557,0.163793103,0.049261084,0,0,0,0,0.337438424,0.139162562,0.140394089,0.006157635,0,0.094827586,0.057881773,0.011083744,0,0.174876847,0.15270936,0.623152709,0.049261084,0
1301SEP0826,Sepasco Lake,19,yes,0.207975986,0.792024014,0.038593482,0.041595197,0.012864494,0,0,0,0.649656947,0.06432247,0,0.008147513,0.001286449,0.15051458,0.003001715,0.013722127,0.016295026,0.068610635,0.153516295,0.723413379,0.054459691,0
0602PET0078,Lake Petonia,22,yes,0.209637046,0.790362954,0.065081352,0.03379224,0,0,0,0,0.436795995,0.070713392,0.198998748,0.003754693,0,0.175844806,0,0.011889862,0.003128911,0.080100125,0.175844806,0.710262829,0.03379224,0
0906BLA0001,Black Lake,31,yes,0.209670657,0.790329343,0.055828118,0.022473348,0.011980262,0.006288803,0.002267555,0.000896634,0.39355475,0.08118368,0.015805486,0.038504539,0.041666873,0.14272119,0.023939499,0.147788716,0.015100547,0.218717381,0.166660689,0.570715328,0.040742413,0.002267555
0602BRA0154,Bradley Brook Reservoir,20,yes,0.211165711,0.788834289,0.181135681,0.007644008,0.001365001,0,0,0,0.368823369,0.052825553,0.021976522,0.08995359,0.030985531,0.138547639,0.063609064,0.036309036,0.006825007,0.224269724,0.202156702,0.564564565,0.009009009,0
1302BAR0071,Barrett Pond,7,yes,0.212057113,0.787942887,0.167636171,0.18138551,0.019037546,0,0,0,0.502379693,0.07244844,0.012162877,0,0,0.011634056,0,0.029613961,0.003701745,0.200951877,0.011634056,0.58699101,0.200423057,0
1310NAS0034,Nassau Lake,9,yes,0.215828378,0.784171622,0.024715064,0.067785761,0.014411959,0.005781302,0.000185828,0,0.372728774,0.139329369,0.11597704,0.055417906,0.004645689,0.123781797,0.003881731,0.063594318,0.007763462,0.096072844,0.127663528,0.688098778,0.087979022,0.000185828
0703DER0139A,De Ruyter Reservoir,29,yes,0.220382696,0.779617304,0.223460899,0.044758735,0.003993344,0,0,0,0.386605657,0.03327787,0.03968386,0.069051581,0.000582363,0.053660566,0.11797005,0.016056572,0.010898502,0.250415973,0.171630616,0.529201331,0.04875208,0
1005GLE0441,Glen Lake,29,yes,0.221220019,0.778779981,0.071162913,0.112425689,0.07148505,0.022315284,0.009634814,0.002108531,0.253609395,0.267109849,0.111254283,0.007204147,0.001288547,0,0.005359182,0.055934636,0.009107681,0.13620523,0.005359182,0.64046622,0.206226023,0.009634814
1302UWB0044H,Timber Lake,11,yes,0.221757322,0.778242678,0.031380753,0.218619247,0,0,0,0,0.663179916,0.025104603,0,0.040794979,0,0.003138075,0,0.010460251,0.007322176,0.04916318,0.003138075,0.729079498,0.218619247,0
0703TUS0153A,Tuscarora Lake,31,yes,0.240410032,0.759589968,0.093933338,0.033073303,0.002772226,0.001224937,0,0,0.38591967,0.122493714,0.06350332,0.05834569,0,0.130101218,0.073238347,0.030172136,0.0052221,0.129327574,0.203339565,0.630262394,0.037070466,0
0705DUC0222,Duck Lake,17,yes,0.245257453,0.754742547,0.278794038,0.037262873,0.000677507,0,0,0,0.125,0.015582656,0.012872629,0.120934959,0.001693767,0.188346883,0.01897019,0.163617886,0.036246612,0.478658537,0.207317073,0.276084011,0.037940379,0
0602HAT0155,Hatch Lake,20,yes,0.245307612,0.754692388,0.1681439,0.011209593,0.002606882,0,0,0,0.38738269,0.037017727,0.016162669,0.064129301,0.032846715,0.153284672,0.078206465,0.045099062,0.003910323,0.217153285,0.231491137,0.537539103,0.013816475,0
0201CUB0115,Cuba Lake,25,yes,0.25036966,0.74963034,0.028368018,0.020824206,0.002395947,0.000903614,0.000164294,0,0.626464951,0.051314348,0.005996714,0.026738773,0.005284775,0.131804491,0.094277108,0.00486035,0.00060241,0.033830778,0.226081599,0.715799562,0.024123768,0.000164294
1302CAR0062A,Lake Carmel,7,yes,0.252207917,0.747792083,0.037295169,0.134177485,0.072143009,0.016812088,0.001463077,0,0.639471164,0.006091722,0.002234518,0.003537987,0,0.027186635,0.000425622,0.050489466,0.008672058,0.096456693,0.027612258,0.651335391,0.223132581,0.001463077
1301ORA0340,Orange Lake,14,yes,0.263232049,0.736767951,0.051811681,0.11324667,0.033761331,0.013079193,0.010766409,0,0.313103118,0.00313688,0.069968365,0.006513013,0.000850679,0.030278863,0.062099583,0.278172103,0.013212112,0.343195895,0.092378446,0.393572055,0.160087195,0.010766409
1103COS0079,Cossayuna Lake,23,yes,0.263563374,0.736436626,0.094722239,0.048084302,0.006405337,0.001712026,0.000147588,0,0.376793199,0.082767578,0.048527068,0.056024559,0.001948167,0.18176988,0.025444241,0.060097999,0.015555818,0.170376055,0.207214121,0.56606057,0.056201665,0.000147588
1004MIR0250,Mirror Lake,18,yes,0.270535714,0.729464286,0.19375,0.178571429,0.044642857,0.034821429,0.0125,0,0.286904762,0.100892857,0.129166667,0,0,0,0,0.01547619,0.00327381,0.2125,0,0.516964286,0.258035714,0.0125
1101SAR0027,Saratoga Lake,16,yes,0.273079338,0.726920662,0.031821444,0.088553817,0.04809423,0.015996622,0.005624427,0.001701939,0.217883526,0.184734249,0.091948062,0.00446197,0.0013182,0.053962708,0.060847534,0.186609593,0.006441679,0.224872716,0.114810242,0.500346007,0.152644669,0.005624427
0703CAZ0153,Cazenovia Lake,27,yes,0.27336774,0.72663226,0.215900713,0.059801753,0.009543704,0.001720324,0,0,0.268903088,0.035758172,0.020234292,0.122265913,0.006389776,0.094658802,0.107643156,0.053043336,0.004136971,0.273081019,0.202301958,0.453551241,0.071065782,0
0402HEM0044,Hemlock Lake,2,yes,0.274670666,0.725329334,0.074532852,0.044197641,0.003477767,0.000421548,0,0.000226987,0.354586356,0.066393742,0.12824774,0.069652629,0.005212598,0.150070933,0.076502777,0.016902436,0.009573994,0.101009282,0.22657371,0.624093065,0.048096956,0
1302KIR0052,Kirk Lake,7,yes,0.288034954,0.711965046,0.059489133,0.213869594,0.031481067,0.006721936,0.001120323,0,0.526887744,0.019493614,0.006946,0.009298678,0,0.034842035,0,0.083800134,0.006049742,0.14933901,0.034842035,0.562626036,0.252072597,0.001120323
0602SON0072,Song Lake,12,yes,0.289055973,0.710944027,0.138401559,0.026176552,0.001670844,0,0,0,0.416875522,0.023948761,0.019214703,0.083542189,0.006404901,0.118351434,0.142857143,0.017822334,0.004734057,0.16095795,0.261208577,0.549986076,0.027847396,0
0202CHA0122,Chautauqua Lake,30,yes,0.294828149,0.705171851,0.115567368,0.04987814,0.017321384,0.006699419,0.001312633,0.00030513,0.447208736,0.036936038,0.009844749,0.030860312,0.024588843,0.124705905,0.094910668,0.035560076,0.004300601,0.155428045,0.219616573,0.549438677,0.073898943,0.001312633
0403RUS0146,Rushford Lake,2,yes,0.298638825,0.701361175,0.014710487,0.022168203,0.001514315,0.000330189,6.26E-05,0.000148016,0.545255811,0.066362286,0.046869752,0.018689833,0.00437785,0.169751277,0.104812219,0.00428107,0.000666071,0.019657628,0.274563496,0.681555532,0.024012707,6.26E-05
1310KIN0024,Kinderhook Lake,5,yes,0.317627722,0.682372278,0.026042095,0.067917637,0.025749897,0.010236041,0.001004429,0,0.33916815,0.101419897,0.068638999,0.056987627,0.004346437,0.195297448,0.017422271,0.076665297,0.009103776,0.111811167,0.212719719,0.57056111,0.103903575,0.001004429
1302WAC0117,Lake Waccabuc,21,yes,0.322452455,0.677547545,0.148169174,0.311382345,0.004825433,0.002554641,0,0,0.417541868,0.066420664,0.003122339,0.00851547,0.01135396,0.003690037,0,0.020437127,0.001986943,0.170593244,0.003690037,0.5069543,0.318762418,0
0602LEB0153,Lebanon Reservoir,22,yes,0.329831789,0.670168211,0.039684174,0.008719533,6.87E-05,0,0,0,0.396567113,0.075042911,0.018743563,0.053278407,0.02643323,0.261860625,0.059182973,0.053553038,0.006865774,0.100102987,0.321043598,0.570065225,0.008788191,0
0602WAR0094,Warn Lake,22,yes,0.330320151,0.669679849,0.056497175,0.042561205,0.003766478,0,0,0,0.303201507,0.09566855,0.131073446,0,0,0.245951036,0.038041431,0.059510358,0.023728814,0.139736347,0.283992467,0.529943503,0.046327684,0
0202FIN0153,Findley Lake,26,yes,0.334672949,0.665327051,0.092641353,0.036931818,0.01482816,0.001940133,0,0.000692905,0.414218404,0.043514412,0.034021619,0.022657982,0.025083149,0.146895787,0.134077051,0.023628049,0.00886918,0.125138581,0.280972838,0.539495565,0.053700111,0
0104JAV0152,Java Lake,13,yes,0.334975369,0.665024631,0.094581281,0.041871921,0.016256158,0.007881773,0,0,0.05270936,0.001970443,0.031034483,0,0,0.046305419,0.222660099,0.389655172,0.095073892,0.579310345,0.268965517,0.085714286,0.066009852,0
1005SUN0440,Lake Sunnyside,11,yes,0.336206897,0.663793103,0.494252874,0.221264368,0.114942529,0,0,0,0.083333333,0.068965517,0.017241379,0,0,0,0,0,0,0.494252874,0,0.16954023,0.336206897,0
0602CRO0073,Crooked Lake,20,yes,0.343818526,0.656181474,0.093308129,0.033119093,0.001890359,0.000831758,0,0,0.37489603,0.006502836,0.008846881,0.096332703,0.006049149,0.190850662,0.117126654,0.057542533,0.012703214,0.163553875,0.307977316,0.492627599,0.03584121,0
0705COM0333,Lake Como,27,yes,0.359487939,0.640512061,0.031002351,0.03744666,0,0.000870853,0,0,0.401114691,0.053905774,0.027606026,0.066620221,0.00165462,0.197770617,0.123399808,0.054602456,0.004005922,0.089610729,0.321170426,0.550901332,0.038317513,0
1311DUA0276A,Duane Lake,29,yes,0.368089054,0.631910946,0.189981447,0.115769944,0.017068646,0,0.002226345,0,0.210018553,0.085343228,0.017439703,0.002597403,0,0.225602968,0.00742115,0.126530612,0,0.316512059,0.233024119,0.315398887,0.13283859,0.002226345
1302CHI0075,China Pond,6,yes,0.368480726,0.631519274,0.240362812,0.350340136,0.003401361,0,0,0,0.239229025,0.081632653,0,0,0.070294785,0.014739229,0,0,0,0.240362812,0.014739229,0.391156463,0.353741497,0
0705KEU0388,Keuka Lake,1,yes,0.370741977,0.629258023,0.104648664,0.044525307,0.005889925,0.001596666,0.000250342,4.53E-05,0.265634024,0.031850536,0.12955863,0.074244984,0.003358913,0.219332672,0.099147065,0.014535577,0.005381357,0.124565598,0.318479737,0.504647087,0.052011898,0.000250342
1305STI0409,Stissing Pond,8,yes,0.373562337,0.626437663,0.075141849,0.102744978,0.076215304,0.028676583,0.00429382,0,0.383376783,0.023155958,0.006900782,0.053519399,0.000460052,0.101671523,0.059960129,0.06456065,0.01932219,0.159024689,0.161631652,0.467412973,0.207636866,0.00429382
1308ROB0902,Robinson Pond,15,yes,0.373858336,0.626141664,0.009812906,0.047890689,0.016402895,0.00301698,0.000185343,0,0.461072727,0.052905259,0.033320634,0.015496772,0.002090262,0.257668585,0.048693844,0.037655611,0.013787493,0.061256011,0.306362429,0.564885653,0.067310564,0.000185343
1302PEA0093,Peach Lake,17,yes,0.379751671,0.620248329,0.20974212,0.142120344,0.043553009,0.014326648,0,0,0.326838586,0.012416428,0.006685769,0.003056351,0.000191022,0.179751671,0,0.052913085,0.008404967,0.271060172,0.179751671,0.349188157,0.2,0
1701LFR0662,Little Fresh Pond,23,yes,0.387394312,0.612605688,0.033435819,0.197924673,0.087624904,0.049577248,0.004611837,0,0.535741737,0.010760953,0.003074558,0.016525749,0,0.04765565,0,0.013066872,0,0.04650269,0.04765565,0.566102998,0.335126826,0.004611837
1101BAL1090,Ballston Lake,26,yes,0.388115507,0.611884493,0.037155734,0.097613086,0.041061592,0.01028209,0.003505258,0,0.247805041,0.024870639,0.067401102,0.007411117,0.001402103,0.135770322,0.099883158,0.22243365,0.003405108,0.262994492,0.23565348,0.348890002,0.148956768,0.003505258
1302PAL0061A,Palmer Lake,2,yes,0.389853748,0.610146252,0.018738574,0.23857404,0.062157221,0.029707495,0.006398537,0,0.509140768,0.012340037,0.015539305,0.029250457,0.004570384,0.053016453,0,0.020566728,0,0.039305302,0.053016453,0.570840951,0.330438757,0.006398537
0502SAL0051,Lake Salubria,13,yes,0.406727829,0.593272171,0.114460463,0.055919616,0.039755352,0.006116208,0,0,0.397553517,0,0.00436872,0.039755352,0.017911752,0.014416776,0.290519878,0.00655308,0.012669288,0.133682831,0.304936654,0.45958934,0.101791175,0
0703JAM0144,Jamesville reservoir,2,yes,0.410549472,0.589450528,0.008241277,0.048570928,0.00526836,0.00027099,0,0.000589801,0.367828734,0.027752539,0.025241898,0.107957534,0.004806083,0.232461384,0.123977811,0.039891285,0.007141377,0.055273939,0.356439195,0.533586788,0.054110277,0
0707SKA0193,Skaneateles Lake,6,yes,0.411759652,0.588240348,0.191296005,0.044837313,0.007484022,0.000992778,0.000420022,0,0.246447714,0.035487058,0.028800122,0.055557412,0.003054703,0.177139366,0.18088615,0.025177435,0.002419898,0.218893338,0.358025516,0.369347009,0.053314114,0.000420022
1303BEA0234,Beaver Dam Lake ,9,yes,0.417310496,0.582689504,0.033418367,0.174526239,0.04478863,0.032908163,0.020189504,7.29E-05,0.240196793,0.00462828,0.142747813,0.002733236,0.00127551,0.059730321,0.085167638,0.149052478,0.00856414,0.191034985,0.144897959,0.391581633,0.252223032,0.020189504
0704CAN0286,Canandaigua Lake,1,yes,0.42510188,0.57489812,0.089868784,0.051816286,0.011809267,0.003321006,0.000688843,0.000666441,0.291259164,0.025914677,0.068464254,0.063883169,0.003875441,0.238139863,0.119326614,0.021421331,0.00954486,0.120834975,0.357466477,0.453396704,0.06694656,0.000688843
0602MOR0152,Lake Moraine,32,yes,0.429317789,0.570682211,0.053367876,0.017443869,0.002115717,0,0,0.000215889,0.254145078,0.046373057,0.004058722,0.105267703,0.067141623,0.276727116,0.133031088,0.032037997,0.008074266,0.093480138,0.409758204,0.476986183,0.019559585,0
0602ULI0067,Upper Little York Lake,9,yes,0.434806351,0.565193649,0.036387885,0.056340838,0.015636814,0.004925229,0.001722255,0.000189028,0.353461312,0.032617827,0.028753255,0.050796018,0.003476014,0.170188188,0.185993027,0.047109972,0.012402336,0.095900193,0.356181215,0.469104427,0.076902882,0.001722255
0601GUI0188,Guilford Lake,11,yes,0.441712926,0.558287074,0.057731959,0.026645519,0.00333069,0,0,0,0.248691515,0.106582078,0.102934179,0.001586043,0,0.395400476,0.016336241,0.035051546,0.005709754,0.098493259,0.411736717,0.459793814,0.029976209,0
0302SOD0096,Sodus Bay,14,yes,0.448494961,0.551505039,0.096075552,0.057271574,0.006620837,0.002636321,0.000660749,0.000527264,0.252519522,0.010124808,0.080744844,0.017499833,0.000987786,0.273483281,0.107822198,0.079436695,0.013588734,0.189100981,0.38130548,0.361876794,0.066528733,0.000660749
1301PEE0171,Lake Peekskill,22,yes,0.454274354,0.545725646,0.125745527,0.381212724,0.041252485,0.011928429,0.001491054,0,0.354870775,0.004970179,0,0.008449304,0,0.018389662,0,0.048210736,0.003479125,0.177435388,0.018389662,0.368290258,0.434393638,0.001491054
0602TUL0068,Tully Lake,6,yes,0.45560989,0.54439011,0.058153684,0.061390821,0.016690773,0.008104323,0.003466722,0.000413252,0.293156094,0.024335928,0.016989232,0.070918566,0.004109558,0.216888215,0.149069036,0.059163854,0.017149941,0.134467479,0.365957251,0.409509379,0.086185917,0.003466722
0602MEL0039,Melody Lake,27,yes,0.458216971,0.541783029,0.040386681,0.028571429,0.000644468,0,0,0,0.167561762,0.12867884,0.144146079,0.007518797,0.017400644,0.262728249,0.166272825,0.036090226,0,0.076476907,0.429001074,0.465306122,0.029215897,0
0702OTI0175,Otisco Lake,2,yes,0.464324981,0.535675019,0.085052265,0.040401057,0.003577348,0.000385632,4.10E-05,4.92E-05,0.302843827,0.017131886,0.019199527,0.074763288,0.002354814,0.272329707,0.147590213,0.027461888,0.006818294,0.119332447,0.41991992,0.416293343,0.044364036,4.10E-05
0705SEN0369,Seneca Lake,7,yes,0.464704528,0.535295472,0.122203961,0.047602434,0.011194401,0.004110616,0.001155013,0.000738779,0.210079109,0.020642376,0.08259,0.061870037,0.005114359,0.238516236,0.162125829,0.025667926,0.006388924,0.154260811,0.400642064,0.380295882,0.062907451,0.001155013
0402CON0067,Conesus Lake,7,yes,0.46501903,0.53498097,0.073807523,0.05037319,0.008793436,0.002604913,0.000346004,0.000281746,0.278967921,0.006529583,0.056052593,0.079936731,0.005002224,0.274168355,0.128733132,0.021867431,0.012535218,0.108210173,0.402901488,0.426489051,0.061771539,0.000346004
1308LONXXX1,Long Pond,1,yes,0.464979666,0.534779033,0.082,0.062697695,0.016041573,0.009828287,0,0,0.300271125,0.049254406,0.005987347,0.029597831,0.001694532,0.314957072,0.061455038,0.057275192,0.008698599,0.147973791,0.37641211,0.386805242,0.088567555,0
1501LUC0982B,Lake Lucille,11,yes,0.493347051,0.506652949,0.002331962,0.359327846,0.072427984,0.033676269,0.002194787,0,0.447325103,0.000342936,0.000411523,0.003635117,0.003292181,0,0.025720165,0.049314129,0,0.051646091,0.025720165,0.455006859,0.465432099,0.002194787
1306UWB0464B,Unnamed Wallkill Pond,1,yes,0.497637795,0.502362205,0.034645669,0.033070866,0,0,0,0,0.303937008,0,0.083464567,0,0,0.464566929,0,0.080314961,0,0.11496063,0.464566929,0.387401575,0.033070866,0
0602EAR0146,Craine Lake,22,yes,0.500501102,0.499498898,0.034676288,0.019843656,0.00420926,0.00200441,0,0,0.21908198,0.050511124,0.039687312,0.062537583,0.00200441,0.172579675,0.301864101,0.087592704,0.003407496,0.125676488,0.474443776,0.373822409,0.026057326,0
0404LOO0079,Loon Lake,23,yes,0.503147403,0.496852597,0.066182899,0.05997552,0.004196538,0.000786851,0,0,0.232383284,0.075362826,0.074663403,0.031299178,0.002010841,0.291134814,0.147053681,0.011190768,0.003759398,0.081133065,0.438188494,0.415719531,0.064958909,0
1308LRH0888,Lower Rhoda Pond,1,yes,0.505671792,0.494328208,0.070708344,0.064910512,0.017897656,0.010965465,0,0,0.290269725,0.034030754,0.005293673,0.028358961,0.001890597,0.343332493,0.068565667,0.054071086,0.009705067,0.134484497,0.41189816,0.359843711,0.093773632,0
0601CAN0392,Canadarago Lake,6,yes,0.518299747,0.481700253,0.055032498,0.047765902,0.00876234,0.002289848,0.000386174,0.002594436,0.189867015,0.027456419,0.041260776,0.032057872,0.01874847,0.300981752,0.158113731,0.090642082,0.024040684,0.169715265,0.459095483,0.309390552,0.05881809,0.000386174
1301SLE6666,Sleepy Hollow Lake,9,yes,0.522589064,0.477410936,0.044760538,0.112906173,0.020749054,0.011066162,0.00373222,0,0.202166253,0.057888555,0.068119535,0.013101918,0.000835182,0.242750881,0.131384575,0.090382357,0.000156597,0.135299491,0.374135456,0.342111445,0.144721388,0.00373222
0705CAY0296,Cayuga Lake,14,yes,0.527542629,0.472457371,0.09936544,0.046343144,0.012227022,0.004714994,0.001412885,0.001232516,0.180373327,0.020867677,0.071915206,0.054014763,0.004882321,0.244184119,0.218660465,0.034001182,0.00580494,0.139171562,0.462844584,0.332053294,0.06328516,0.001412885
0706OWA0212,Owasco Lake,8,yes,0.530761857,0.469238143,0.053896708,0.036995799,0.006208989,0.001311322,0.000376876,3.79E-05,0.239290441,0.027007725,0.023101294,0.062554531,0.00398043,0.26709494,0.218773931,0.053099934,0.00626922,0.113265863,0.485868871,0.35593442,0.04451611,0.000376876
1302PUT0093B,Putnam Lake,5,yes,0.53473657,0.46526343,0.130681818,0.421875,0.099173554,0.011363636,0,0,0.287577479,0.018853306,0.011492769,0.001420455,0,0.00232438,0,0.015108471,0.000129132,0.145919421,0.00232438,0.319344008,0.53241219,0
0104LIM0130,Lime Lake,12,yes,0.554197417,0.445802583,0.155904059,0.063422509,0.074031365,0.006918819,0.001845018,0,0.226245387,0.001614391,0.030673432,0.012453875,0.007610701,0.113699262,0.294280443,0,0.011300738,0.167204797,0.407979705,0.278597786,0.144372694,0.001845018
1301MOH0179,Lake Mohegan,20,yes,0.645043247,0.354956753,0.147371923,0.459081836,0.106121091,0.063206919,0.0083167,0,0.148369927,0.011976048,0.002661344,0,0,0.0083167,0,0.042581504,0.001996008,0.191949434,0.0083167,0.163007319,0.628409847,0.0083167
0502SMI0066,Smith Pond,14,yes,0.649324992,0.350675008,0.067171551,0.053342114,0,0,0,0,0.089562068,0.023378334,0.085940072,0.006585446,0,0.324003951,0.271978927,0.075074086,0.002963451,0.145209088,0.595982878,0.20546592,0.053342114,0
0403SIL0115,Silver Lake,20,yes,0.693585936,0.306414064,0.078871317,0.059203661,0.010797142,0.001003452,0,0,0.093782612,0.001986835,0.01250301,0.010817211,0.00208718,0.315605684,0.306975997,0.079694148,0.026671751,0.185237216,0.622581681,0.121176848,0.071004255,0
1302LIN0057A,Lake Lincolndale,18,yes,0.808165911,0.191834089,0.051847051,0.5573558,0.231367466,0.019442644,0,0,0.132858069,0.000648088,0.002592353,0.003888529,0,0,0,0,0,0.051847051,0,0.139987038,0.808165911,0
1301BUC0303,Buckingham Lake,4,yes,0.99339934,0.00660066,0,0.18349835,0.56369637,0.186138614,0.060066007,0,0.00660066,0,0,0,0,0,0,0,0,0,0,0.00660066,0.933333333,0.060066007
0303LOR0009,Lorton Lake,22,yes,0.1,0,0.044,0.001,0,0,0,0.644,0.09,0.014,0.086,0.002,0.003,0,0.099,0.016,0,0.06,0.099,0.195,0.001,0
,0,1,yes,0,0,0,0,0,0,0,0,0,0,0,0,0,0,0,0,0,0,0,0,0,0
0503TANXXX1,0,1,yes,0,0,0,0,0,0,0,0,0,0,0,0,0,0,0,0,0,0,0,0,0,0
0902DEE0073,Deer River Flow,1,yes,0,0,0,0,0,0,0,0,0,0,0,0,0,0,0,0,0,0,0,0,0,0
1301BAR0181,Barger Pond,1,yes,0,0,0,0,0,0,0,0,0,0,0,0,0,0,0,0,0,0,0,0,0,0
1701FRE0458,0,1,yes,0,0,0,0,0,0,0,0,0,0,0,0,0,0,0,0,0,0,0,0,0,0
